"set","n","result","instance","D","runtime","seed"
"BBGRL",1000,990,"1000_ep0.0075_0_gilbert_7.in",1,67.985,1503690135169620992
"BBGRL",1000,982,"1000_ep0.0075_0_gilbert_7.in",2,167.3589,1503690205009961728
"BBGRL",1000,975,"1000_ep0.0075_0_gilbert_7.in",3,167.3918,1503690374464772608
"BBGRL",1000,2,"1000_ep0.0075_0_gilbert_7.in",4,45.6402,1503690543956969728
"BBGRL",1000,1,"1000_ep0.0075_0_gilbert_7.in",5,8.2476,1503690591404247552
"BBGRL",1000,1,"1000_ep0.0075_0_gilbert_7.in",6,8.5441,1503690601687613696
"BBGRL",1000,1,"1000_ep0.0075_0_gilbert_7.in",7,9.0826,1503690612309884928
"BBGRL",1000,1,"1000_ep0.0075_0_gilbert_7.in",8,8.4756,1503690623564355072
"BBGRL",1000,1,"1000_ep0.0075_0_gilbert_7.in",9,8.3095,1503690634076143104
"BBGRL",1000,1,"1000_ep0.0075_0_gilbert_7.in",10,8.4934,1503690644419939072
"BBGRL",1000,992,"1000_ep0.0075_0_gilbert_2.in",1,47.9655,1503690654947653632
"BBGRL",1000,984,"1000_ep0.0075_0_gilbert_2.in",2,122.5243,1503690704944740096
"BBGRL",1000,976,"1000_ep0.0075_0_gilbert_2.in",3,167.2191,1503690829503768832
"BBGRL",1000,969,"1000_ep0.0075_0_gilbert_2.in",4,168.4514,1503690998645657088
"BBGRL",1000,960,"1000_ep0.0075_0_gilbert_2.in",5,167.3499,1503691168939724288
"BBGRL",1000,950,"1000_ep0.0075_0_gilbert_2.in",6,167.1988,1503691338067191552
"BBGRL",1000,3,"1000_ep0.0075_0_gilbert_2.in",7,63.4926,1503691507189657344
"BBGRL",1000,2,"1000_ep0.0075_0_gilbert_2.in",8,26.6008,1503691572464232960
"BBGRL",1000,1,"1000_ep0.0075_0_gilbert_2.in",9,10.5086,1503691600921518080
"BBGRL",1000,1,"1000_ep0.0075_0_gilbert_2.in",10,10.6648,1503691613545875200
"BBGRL",1000,995,"1000_ep0.0125_0_gilbert_3.in",1,51.3734,1503691626368256000
"BBGRL",1000,990,"1000_ep0.0125_0_gilbert_3.in",2,167.356,1503691679873890304
"BBGRL",1000,985,"1000_ep0.0125_0_gilbert_3.in",3,167.6686,1503691849155704064
"BBGRL",1000,980,"1000_ep0.0125_0_gilbert_3.in",4,167.3019,1503692018849461248
"BBGRL",1000,974,"1000_ep0.0125_0_gilbert_3.in",5,167.2451,1503692188255737856
"BBGRL",1000,968,"1000_ep0.0125_0_gilbert_3.in",6,167.207,1503692357474637056
"BBGRL",1000,961,"1000_ep0.0125_0_gilbert_3.in",7,167.9446,1503692526521920512
"BBGRL",1000,958,"1000_ep0.0125_0_gilbert_3.in",8,167.2437,1503692696255636736
"BBGRL",1000,950,"1000_ep0.0125_0_gilbert_3.in",9,167.2446,1503692865582865152
"BBGRL",1000,945,"1000_ep0.0125_0_gilbert_3.in",10,167.2464,1503693034668533248
"BBGRL",1000,995,"1000_ep0.01_0_gilbert_7.in",1,53.7416,1503693203825449984
"BBGRL",1000,990,"1000_ep0.01_0_gilbert_7.in",2,167.3386,1503693259607205888
"BBGRL",1000,983,"1000_ep0.01_0_gilbert_7.in",3,167.1629,1503693428975044608
"BBGRL",1000,978,"1000_ep0.01_0_gilbert_7.in",4,167.9526,1503693598033447168
"BBGRL",1000,973,"1000_ep0.01_0_gilbert_7.in",5,167.2545,1503693768042859776
"BBGRL",1000,965,"1000_ep0.01_0_gilbert_7.in",6,167.1587,1503693937090480128
"BBGRL",1000,959,"1000_ep0.01_0_gilbert_7.in",7,167.2832,1503694106076403200
"BBGRL",1000,954,"1000_ep0.01_0_gilbert_7.in",8,167.214,1503694275145660672
"BBGRL",1000,946,"1000_ep0.01_0_gilbert_7.in",9,167.1407,1503694444390299136
"BBGRL",1000,942,"1000_ep0.01_0_gilbert_7.in",10,167.412,1503694613449777152
"BBGRL",1000,994,"1000_ep0.01_0_gilbert_5.in",1,60.411,1503694782713268480
"BBGRL",1000,987,"1000_ep0.01_0_gilbert_5.in",2,167.1552,1503694845150614272
"BBGRL",1000,981,"1000_ep0.01_0_gilbert_5.in",3,168.0652,1503695014348655872
"BBGRL",1000,978,"1000_ep0.01_0_gilbert_5.in",4,170.1581,1503695184324553728
"BBGRL",1000,970,"1000_ep0.01_0_gilbert_5.in",5,167.2448,1503695356517493504
"BBGRL",1000,953,"1000_ep0.01_0_gilbert_5.in",6,167.3417,1503695525608946176
"BBGRL",1000,1,"1000_ep0.01_0_gilbert_5.in",7,11.6982,1503695694989875456
"BBGRL",1000,1,"1000_ep0.01_0_gilbert_5.in",8,12.1317,1503695708926088704
"BBGRL",1000,1,"1000_ep0.01_0_gilbert_5.in",9,12.2465,1503695723103524608
"BBGRL",1000,1,"1000_ep0.01_0_gilbert_5.in",10,11.8315,1503695737518619904
"BBGRL",1000,995,"1000_ep0.0125_0_gilbert_1.in",1,48.9583,1503695751534892032
"BBGRL",1000,990,"1000_ep0.0125_0_gilbert_1.in",2,167.3091,1503695802546628608
"BBGRL",1000,986,"1000_ep0.0125_0_gilbert_1.in",3,167.9407,1503695971687884032
"BBGRL",1000,980,"1000_ep0.0125_0_gilbert_1.in",4,167.1689,1503696141463589120
"BBGRL",1000,976,"1000_ep0.0125_0_gilbert_1.in",5,167.4914,1503696310594293760
"BBGRL",1000,970,"1000_ep0.0125_0_gilbert_1.in",6,167.2307,1503696480008975872
"BBGRL",1000,964,"1000_ep0.0125_0_gilbert_1.in",7,167.3963,1503696649085936128
"BBGRL",1000,959,"1000_ep0.0125_0_gilbert_1.in",8,167.3142,1503696818351802624
"BBGRL",1000,953,"1000_ep0.0125_0_gilbert_1.in",9,167.3311,1503696987591770112
"BBGRL",1000,947,"1000_ep0.0125_0_gilbert_1.in",10,167.2974,1503697156957852928
"BBGRL",1000,995,"1000_ep0.0125_0_gilbert_6.in",1,51.1554,1503697326066242816
"BBGRL",1000,990,"1000_ep0.0125_0_gilbert_6.in",2,167.2471,1503697379084531968
"BBGRL",1000,984,"1000_ep0.0125_0_gilbert_6.in",3,167.3746,1503697548374207488
"BBGRL",1000,980,"1000_ep0.0125_0_gilbert_6.in",4,167.2441,1503697717623463168
"BBGRL",1000,973,"1000_ep0.0125_0_gilbert_6.in",5,167.4958,1503697886965444352
"BBGRL",1000,967,"1000_ep0.0125_0_gilbert_6.in",6,167.2163,1503698056257975808
"BBGRL",1000,962,"1000_ep0.0125_0_gilbert_6.in",7,167.3428,1503698225484718080
"BBGRL",1000,956,"1000_ep0.0125_0_gilbert_6.in",8,167.4769,1503698394612092672
"BBGRL",1000,950,"1000_ep0.0125_0_gilbert_6.in",9,167.2959,1503698563874380032
"BBGRL",1000,3,"1000_ep0.0125_0_gilbert_6.in",10,143.3628,1503698732961939456
"BBGRL",1000,990,"1000_ep0.0075_0_gilbert_1.in",1,58.8599,1503698878427800576
"BBGRL",1000,980,"1000_ep0.0075_0_gilbert_1.in",2,167.1805,1503698939481341696
"BBGRL",1000,976,"1000_ep0.0075_0_gilbert_1.in",3,167.8906,1503699108493074944
"BBGRL",1000,2,"1000_ep0.0075_0_gilbert_1.in",4,45.3635,1503699278167671552
"BBGRL",1000,1,"1000_ep0.0075_0_gilbert_1.in",5,7.6196,1503699325333498368
"BBGRL",1000,1,"1000_ep0.0075_0_gilbert_1.in",6,7.7224,1503699335071095296
"BBGRL",1000,1,"1000_ep0.0075_0_gilbert_1.in",7,8.1352,1503699344844471040
"BBGRL",1000,1,"1000_ep0.0075_0_gilbert_1.in",8,8.1129,1503699355088700160
"BBGRL",1000,1,"1000_ep0.0075_0_gilbert_1.in",9,7.7396,1503699365044791040
"BBGRL",1000,1,"1000_ep0.0075_0_gilbert_1.in",10,7.6565,1503699374821236480
"BBGRL",1000,992,"1000_ep0.0075_0_gilbert_10.in",1,68.0644,1503699384576566528
"BBGRL",1000,983,"1000_ep0.0075_0_gilbert_10.in",2,167.1129,1503699454690249216
"BBGRL",1000,977,"1000_ep0.0075_0_gilbert_10.in",3,167.7194,1503699623586138368
"BBGRL",1000,967,"1000_ep0.0075_0_gilbert_10.in",4,167.61,1503699793095836160
"BBGRL",1000,956,"1000_ep0.0075_0_gilbert_10.in",5,167.2391,1503699962498104320
"BBGRL",1000,2,"1000_ep0.0075_0_gilbert_10.in",6,40.6413,1503700131585804032
"BBGRL",1000,1,"1000_ep0.0075_0_gilbert_10.in",7,9.1308,1503700174076283904
"BBGRL",1000,1,"1000_ep0.0075_0_gilbert_10.in",8,8.9631,1503700185139659264
"BBGRL",1000,1,"1000_ep0.0075_0_gilbert_10.in",9,8.4766,1503700196079148800
"BBGRL",1000,1,"1000_ep0.0075_0_gilbert_10.in",10,8.8767,1503700206363104256
"BBGRL",1000,992,"1000_ep0.0075_0_gilbert_3.in",1,56.4105,1503700217103453696
"BBGRL",1000,983,"1000_ep0.0075_0_gilbert_3.in",2,167.4075,1503700275340604160
"BBGRL",1000,975,"1000_ep0.0075_0_gilbert_3.in",3,167.2904,1503700444565285632
"BBGRL",1000,965,"1000_ep0.0075_0_gilbert_3.in",4,167.224,1503700613643679744
"BBGRL",1000,960,"1000_ep0.0075_0_gilbert_3.in",5,168.1452,1503700782692334592
"BBGRL",1000,6,"1000_ep0.0075_0_gilbert_3.in",6,70.5398,1503700952617985536
"BBGRL",1000,3,"1000_ep0.0075_0_gilbert_3.in",7,47.7577,1503701024939161344
"BBGRL",1000,2,"1000_ep0.0075_0_gilbert_3.in",8,11.8404,1503701074499470592
"BBGRL",1000,1,"1000_ep0.0075_0_gilbert_3.in",9,8.4303,1503701088374191616
"BBGRL",1000,1,"1000_ep0.0075_0_gilbert_3.in",10,8.4756,1503701098990909696
"BBGRL",1000,994,"1000_ep0.01_0_gilbert_1.in",1,59.5845,1503701109573539072
"BBGRL",1000,987,"1000_ep0.01_0_gilbert_1.in",2,68.7983,1503701171220409600
"BBGRL",1000,982,"1000_ep0.01_0_gilbert_1.in",3,167.4143,1503701242074295296
"BBGRL",1000,976,"1000_ep0.01_0_gilbert_1.in",4,167.1377,1503701411533345024
"BBGRL",1000,969,"1000_ep0.01_0_gilbert_1.in",5,167.1632,1503701580586966272
"BBGRL",1000,964,"1000_ep0.01_0_gilbert_1.in",6,167.1673,1503701749589542656
"BBGRL",1000,957,"1000_ep0.01_0_gilbert_1.in",7,167.212,1503701918621772288
"BBGRL",1000,953,"1000_ep0.01_0_gilbert_1.in",8,169.063,1503702087872774144
"BBGRL",1000,947,"1000_ep0.01_0_gilbert_1.in",9,167.2395,1503702258973590016
"BBGRL",1000,937,"1000_ep0.01_0_gilbert_1.in",10,167.2966,1503702428060290304
"BBGRL",1000,994,"1000_ep0.0125_0_gilbert_10.in",1,65.8745,1503702597389511424
"BBGRL",1000,988,"1000_ep0.0125_0_gilbert_10.in",2,167.4302,1503702665377446656
"BBGRL",1000,981,"1000_ep0.0125_0_gilbert_10.in",3,167.3239,1503702834589969152
"BBGRL",1000,1,"1000_ep0.0125_0_gilbert_10.in",4,11.0912,1503703003948173568
"BBGRL",1000,1,"1000_ep0.0125_0_gilbert_10.in",5,10.1678,1503703017083244288
"BBGRL",1000,1,"1000_ep0.0125_0_gilbert_10.in",6,10.4242,1503703029286451712
"BBGRL",1000,1,"1000_ep0.0125_0_gilbert_10.in",7,10.5389,1503703041559343104
"BBGRL",1000,1,"1000_ep0.0125_0_gilbert_10.in",8,10.4256,1503703054320940288
"BBGRL",1000,1,"1000_ep0.0125_0_gilbert_10.in",9,10.2625,1503703066781652480
"BBGRL",1000,1,"1000_ep0.0125_0_gilbert_10.in",10,10.9193,1503703079078847488
"BBGRL",1000,993,"1000_ep0.01_0_gilbert_8.in",1,64.0699,1503703091836059136
"BBGRL",1000,986,"1000_ep0.01_0_gilbert_8.in",2,86.1902,1503703157957034752
"BBGRL",1000,978,"1000_ep0.01_0_gilbert_8.in",3,167.3131,1503703245932796416
"BBGRL",1000,973,"1000_ep0.01_0_gilbert_8.in",4,166.772,1503703415034508800
"BBGRL",1000,969,"1000_ep0.01_0_gilbert_8.in",5,167.4279,1503703583712433152
"BBGRL",1000,960,"1000_ep0.01_0_gilbert_8.in",6,167.4294,1503703753086878976
"BBGRL",1000,953,"1000_ep0.01_0_gilbert_8.in",7,167.6329,1503703922450199808
"BBGRL",1000,2,"1000_ep0.01_0_gilbert_8.in",8,56.6385,1503704091994270976
"BBGRL",1000,1,"1000_ep0.01_0_gilbert_8.in",9,14.5346,1503704150420860672
"BBGRL",1000,1,"1000_ep0.01_0_gilbert_8.in",10,13.9357,1503704167061486080
"BBGRL",1000,994,"1000_ep0.01_0_gilbert_10.in",1,58.4238,1503704183035187712
"BBGRL",1000,989,"1000_ep0.01_0_gilbert_10.in",2,167.1573,1503704243526682368
"BBGRL",1000,983,"1000_ep0.01_0_gilbert_10.in",3,167.1565,1503704412626115584
"BBGRL",1000,976,"1000_ep0.01_0_gilbert_10.in",4,167.2203,1503704581634878208
"BBGRL",1000,970,"1000_ep0.01_0_gilbert_10.in",5,167.4967,1503704750653858560
"BBGRL",1000,965,"1000_ep0.01_0_gilbert_10.in",6,167.3509,1503704919936826880
"BBGRL",1000,958,"1000_ep0.01_0_gilbert_10.in",7,167.4392,1503705089336734208
"BBGRL",1000,953,"1000_ep0.01_0_gilbert_10.in",8,167.2468,1503705258611688448
"BBGRL",1000,941,"1000_ep0.01_0_gilbert_10.in",9,170.1584,1503705427750708224
"BBGRL",1000,2,"1000_ep0.01_0_gilbert_10.in",10,38.6869,1503705599951934464
"BBGRL",1000,993,"1000_ep0.01_0_gilbert_3.in",1,58.3064,1503705640423874048
"BBGRL",1000,987,"1000_ep0.01_0_gilbert_3.in",2,167.1471,1503705700771619584
"BBGRL",1000,981,"1000_ep0.01_0_gilbert_3.in",3,167.8606,1503705869705162752
"BBGRL",1000,976,"1000_ep0.01_0_gilbert_3.in",4,167.9417,1503706039461793280
"BBGRL",1000,965,"1000_ep0.01_0_gilbert_3.in",5,167.2218,1503706209452398592
"BBGRL",1000,2,"1000_ep0.01_0_gilbert_3.in",6,60.4433,1503706378469348096
"BBGRL",1000,1,"1000_ep0.01_0_gilbert_3.in",7,11.7625,1503706441038560768
"BBGRL",1000,1,"1000_ep0.01_0_gilbert_3.in",8,11.5097,1503706454834570496
"BBGRL",1000,1,"1000_ep0.01_0_gilbert_3.in",9,11.8559,1503706468368887296
"BBGRL",1000,1,"1000_ep0.01_0_gilbert_3.in",10,11.5622,1503706482437514240
"BBGRL",1000,994,"1000_ep0.01_0_gilbert_6.in",1,62.2879,1503706495849288448
"BBGRL",1000,988,"1000_ep0.01_0_gilbert_6.in",2,167.2121,1503706560157039872
"BBGRL",1000,982,"1000_ep0.01_0_gilbert_6.in",3,167.1994,1503706729384200960
"BBGRL",1000,975,"1000_ep0.01_0_gilbert_6.in",4,167.1609,1503706898464111616
"BBGRL",1000,969,"1000_ep0.01_0_gilbert_6.in",5,167.2318,1503707067404392960
"BBGRL",1000,964,"1000_ep0.01_0_gilbert_6.in",6,167.3103,1503707236573729280
"BBGRL",1000,958,"1000_ep0.01_0_gilbert_6.in",7,170.6476,1503707406009787648
"BBGRL",1000,952,"1000_ep0.01_0_gilbert_6.in",8,167.2023,1503707578457814528
"BBGRL",1000,944,"1000_ep0.01_0_gilbert_6.in",9,167.2161,1.503707747494e+18
"BBGRL",1000,932,"1000_ep0.01_0_gilbert_6.in",10,167.4875,1503707916499307776
"BBGRL",1000,995,"1000_ep0.0125_0_gilbert_5.in",1,52.3351,1503708086025009920
"BBGRL",1000,990,"1000_ep0.0125_0_gilbert_5.in",2,167.6262,1503708140424605952
"BBGRL",1000,984,"1000_ep0.0125_0_gilbert_5.in",3,167.2286,1503708309836075264
"BBGRL",1000,979,"1000_ep0.0125_0_gilbert_5.in",4,167.3783,1503708478851376896
"BBGRL",1000,975,"1000_ep0.0125_0_gilbert_5.in",5,167.2468,1503708648026331136
"BBGRL",1000,968,"1000_ep0.0125_0_gilbert_5.in",6,167.2599,1503708817312186368
"BBGRL",1000,963,"1000_ep0.0125_0_gilbert_5.in",7,170.7755,1503708986362344448
"BBGRL",1000,957,"1000_ep0.0125_0_gilbert_5.in",8,167.39,1503709158935788288
"BBGRL",1000,952,"1000_ep0.0125_0_gilbert_5.in",9,170.0024,1503709328363490304
"BBGRL",1000,3,"1000_ep0.0125_0_gilbert_5.in",10,147.1128,1503709500396118528
"BBGRL",1000,995,"1000_ep0.0125_0_gilbert_9.in",1,47.5472,1503709649397173504
"BBGRL",1000,989,"1000_ep0.0125_0_gilbert_9.in",2,167.3976,1503709699052309504
"BBGRL",1000,984,"1000_ep0.0125_0_gilbert_9.in",3,167.2239,1503709868483147264
"BBGRL",1000,980,"1000_ep0.0125_0_gilbert_9.in",4,167.481,1503710037568016384
"BBGRL",1000,974,"1000_ep0.0125_0_gilbert_9.in",5,167.2585,1503710207098883072
"BBGRL",1000,969,"1000_ep0.0125_0_gilbert_9.in",6,167.5134,1503710376365310464
"BBGRL",1000,962,"1000_ep0.0125_0_gilbert_9.in",7,167.3566,1503710545667871744
"BBGRL",1000,958,"1000_ep0.0125_0_gilbert_9.in",8,167.2081,1503710714926506240
"BBGRL",1000,952,"1000_ep0.0125_0_gilbert_9.in",9,167.2969,1503710883926849280
"BBGRL",1000,946,"1000_ep0.0125_0_gilbert_9.in",10,167.3324,1503711053015988736
"BBGRL",1000,995,"1000_ep0.0125_0_gilbert_2.in",1,60.4473,1503711222303083264
"BBGRL",1000,990,"1000_ep0.0125_0_gilbert_2.in",2,167.2179,1503711284649506560
"BBGRL",1000,984,"1000_ep0.0125_0_gilbert_2.in",3,167.2481,1503711453910868992
"BBGRL",1000,979,"1000_ep0.0125_0_gilbert_2.in",4,167.3509,1503711623401103104
"BBGRL",1000,973,"1000_ep0.0125_0_gilbert_2.in",5,167.3815,1503711792577629440
"BBGRL",1000,968,"1000_ep0.0125_0_gilbert_2.in",6,167.2473,1503711961741940736
"BBGRL",1000,961,"1000_ep0.0125_0_gilbert_2.in",7,167.2554,1503712130989200640
"BBGRL",1000,958,"1000_ep0.0125_0_gilbert_2.in",8,167.2789,1503712300281436160
"BBGRL",1000,950,"1000_ep0.0125_0_gilbert_2.in",9,167.3286,1503712469347546368
"BBGRL",1000,2,"1000_ep0.0125_0_gilbert_2.in",10,51.1495,1503712638468603136
"BBGRL",1000,995,"1000_ep0.0125_0_gilbert_8.in",1,64.1626,1503712691409507584
"BBGRL",1000,989,"1000_ep0.0125_0_gilbert_8.in",2,167.4564,1503712757520032512
"BBGRL",1000,983,"1000_ep0.0125_0_gilbert_8.in",3,167.2317,1503712927010652416
"BBGRL",1000,977,"1000_ep0.0125_0_gilbert_8.in",4,167.5323,1503713096273576704
"BBGRL",1000,971,"1000_ep0.0125_0_gilbert_8.in",5,167.4559,1503713265899290368
"BBGRL",1000,967,"1000_ep0.0125_0_gilbert_8.in",6,167.2081,1503713435392276224
"BBGRL",1000,960,"1000_ep0.0125_0_gilbert_8.in",7,167.293,1503713604520934656
"BBGRL",1000,950,"1000_ep0.0125_0_gilbert_8.in",8,167.419,1503713773888366080
"BBGRL",1000,2,"1000_ep0.0125_0_gilbert_8.in",9,49.7113,1503713943089774592
"BBGRL",1000,1,"1000_ep0.0125_0_gilbert_8.in",10,17.4922,1503713994843797504
"BBGRL",1000,994,"1000_ep0.01_0_gilbert_9.in",1,58.9639,1503714014472451840
"BBGRL",1000,988,"1000_ep0.01_0_gilbert_9.in",2,167.1685,1503714075308803072
"BBGRL",1000,982,"1000_ep0.01_0_gilbert_9.in",3,167.8384,1503714244333356800
"BBGRL",1000,974,"1000_ep0.01_0_gilbert_9.in",4,167.4487,1503714413945094656
"BBGRL",1000,2,"1000_ep0.01_0_gilbert_9.in",5,55.8966,1503714583394845440
"BBGRL",1000,1,"1000_ep0.01_0_gilbert_9.in",6,11.3016,1503714641328248064
"BBGRL",1000,1,"1000_ep0.01_0_gilbert_9.in",7,10.9786,1503714655103116800
"BBGRL",1000,1,"1000_ep0.01_0_gilbert_9.in",8,11.1907,1503714668312765440
"BBGRL",1000,1,"1000_ep0.01_0_gilbert_9.in",9,11.2013,1503714681561586176
"BBGRL",1000,1,"1000_ep0.01_0_gilbert_9.in",10,10.9903,1503714694792844544
"BBGRL",1000,991,"1000_ep0.0075_0_gilbert_6.in",1,62.9075,1503714707824137984
"BBGRL",1000,981,"1000_ep0.0075_0_gilbert_6.in",2,167.2401,1503714772525534464
"BBGRL",1000,974,"1000_ep0.0075_0_gilbert_6.in",3,167.8466,1503714941799601152
"BBGRL",1000,1,"1000_ep0.0075_0_gilbert_6.in",4,8.0069,1503715111434826240
"BBGRL",1000,1,"1000_ep0.0075_0_gilbert_6.in",5,8.0978,1503715121528791808
"BBGRL",1000,1,"1000_ep0.0075_0_gilbert_6.in",6,7.9866,1503715131869291008
"BBGRL",1000,1,"1000_ep0.0075_0_gilbert_6.in",7,7.5742,1503715141985429248
"BBGRL",1000,1,"1000_ep0.0075_0_gilbert_6.in",8,7.7045,1503715151796852480
"BBGRL",1000,1,"1000_ep0.0075_0_gilbert_6.in",9,7.3633,1503715161552755456
"BBGRL",1000,1,"1000_ep0.0075_0_gilbert_6.in",10,7.604,1503715170958140416
"BBGRL",1000,1,"1000_ep0.0075_0_gilbert_4.in",1,5.478,1503715180739635712
"BBGRL",1000,1,"1000_ep0.0075_0_gilbert_4.in",2,5.5646,1503715187995142144
"BBGRL",1000,1,"1000_ep0.0075_0_gilbert_4.in",3,6.1736,1503715195794380032
"BBGRL",1000,1,"1000_ep0.0075_0_gilbert_4.in",4,5.7595,1503715204014869760
"BBGRL",1000,1,"1000_ep0.0075_0_gilbert_4.in",5,6.3686,1503715211814334208
"BBGRL",1000,1,"1000_ep0.0075_0_gilbert_4.in",6,6.5674,1503715220401569024
"BBGRL",1000,1,"1000_ep0.0075_0_gilbert_4.in",7,6.3668,1503715229038096640
"BBGRL",1000,1,"1000_ep0.0075_0_gilbert_4.in",8,6.3378,1503715237505690368
"BBGRL",1000,1,"1000_ep0.0075_0_gilbert_4.in",9,6.692,1503715245877413120
"BBGRL",1000,1,"1000_ep0.0075_0_gilbert_4.in",10,6.225,1503715254379536640
"BBGRL",1000,996,"1000_ep0.0125_0_gilbert_7.in",1,49.5974,1503715262391657472
"BBGRL",1000,991,"1000_ep0.0125_0_gilbert_7.in",2,167.3343,1503715313873497344
"BBGRL",1000,986,"1000_ep0.0125_0_gilbert_7.in",3,167.1497,1503715483310279168
"BBGRL",1000,981,"1000_ep0.0125_0_gilbert_7.in",4,167.4567,1503715652457374976
"BBGRL",1000,975,"1000_ep0.0125_0_gilbert_7.in",5,167.4731,1503715821915762944
"BBGRL",1000,970,"1000_ep0.0125_0_gilbert_7.in",6,167.2893,1.503715991267e+18
"BBGRL",1000,966,"1000_ep0.0125_0_gilbert_7.in",7,167.9464,1503716160397169664
"BBGRL",1000,961,"1000_ep0.0125_0_gilbert_7.in",8,167.286,1503716330132419072
"BBGRL",1000,953,"1000_ep0.0125_0_gilbert_7.in",9,167.3789,1503716499319305728
"BBGRL",1000,947,"1000_ep0.0125_0_gilbert_7.in",10,167.4758,1503716668620813056
"BBGRL",1000,992,"1000_ep0.0075_0_gilbert_5.in",1,59.9075,1503716838080455936
"BBGRL",1000,985,"1000_ep0.0075_0_gilbert_5.in",2,167.1529,1503716900036673280
"BBGRL",1000,977,"1000_ep0.0075_0_gilbert_5.in",3,167.385,1503717068974258944
"BBGRL",1000,969,"1000_ep0.0075_0_gilbert_5.in",4,167.3284,1503717238226838784
"BBGRL",1000,962,"1000_ep0.0075_0_gilbert_5.in",5,167.3167,1503717407344540672
"BBGRL",1000,950,"1000_ep0.0075_0_gilbert_5.in",6,172.3217,1503717576553377024
"BBGRL",1000,3,"1000_ep0.0075_0_gilbert_5.in",7,57.225,1503717750910021120
"BBGRL",1000,2,"1000_ep0.0075_0_gilbert_5.in",8,20.3053,1503717810296878848
"BBGRL",1000,1,"1000_ep0.0075_0_gilbert_5.in",9,9.5436,1503717832383036160
"BBGRL",1000,1,"1000_ep0.0075_0_gilbert_5.in",10,9.33,1503717843961853184
"BBGRL",1000,990,"1000_ep0.0075_0_gilbert_8.in",1,56.3187,1503717855327954432
"BBGRL",1000,983,"1000_ep0.0075_0_gilbert_8.in",2,159.5378,1503717913494723584
"BBGRL",1000,974,"1000_ep0.0075_0_gilbert_8.in",3,167.1383,1.503718074812e+18
"BBGRL",1000,967,"1000_ep0.0075_0_gilbert_8.in",4,167.3628,1503718243731065344
"BBGRL",1000,958,"1000_ep0.0075_0_gilbert_8.in",5,167.2243,1503718412876340992
"BBGRL",1000,953,"1000_ep0.0075_0_gilbert_8.in",6,167.5031,1503718582037755392
"BBGRL",1000,5,"1000_ep0.0075_0_gilbert_8.in",7,85.3127,1503718751321724672
"BBGRL",1000,2,"1000_ep0.0075_0_gilbert_8.in",8,12.3982,1503718838458388992
"BBGRL",1000,1,"1000_ep0.0075_0_gilbert_8.in",9,9.7628,1503718852889518592
"BBGRL",1000,1,"1000_ep0.0075_0_gilbert_8.in",10,9.4841,1503718864492738048
"BBGRL",1000,992,"1000_ep0.0075_0_gilbert_9.in",1,59.9107,1503718875972683264
"BBGRL",1000,984,"1000_ep0.0075_0_gilbert_9.in",2,74.8074,1503718937951809024
"BBGRL",1000,978,"1000_ep0.0075_0_gilbert_9.in",3,167.2589,1503719014793874688
"BBGRL",1000,971,"1000_ep0.0075_0_gilbert_9.in",4,167.0984,1503719183960922368
"BBGRL",1000,961,"1000_ep0.0075_0_gilbert_9.in",5,167.2742,1503719352840901120
"BBGRL",1000,951,"1000_ep0.0075_0_gilbert_9.in",6,167.2039,1503719522319684096
"BBGRL",1000,945,"1000_ep0.0075_0_gilbert_9.in",7,168.1242,1503719691408465408
"BBGRL",1000,5,"1000_ep0.0075_0_gilbert_9.in",8,74.8668,1503719861319349760
"BBGRL",1000,2,"1000_ep0.0075_0_gilbert_9.in",9,15.6993,1503719938219825920
"BBGRL",1000,1,"1000_ep0.0075_0_gilbert_9.in",10,10.4068,1.503719956007e+18
"BBGRL",1000,994,"1000_ep0.01_0_gilbert_4.in",1,56.255,1503719968447290112
"BBGRL",1000,987,"1000_ep0.01_0_gilbert_4.in",2,144.6081,1503720026822101248
"BBGRL",1000,982,"1000_ep0.01_0_gilbert_4.in",3,167.1466,1503720173261146112
"BBGRL",1000,977,"1000_ep0.01_0_gilbert_4.in",4,167.1581,1503720342389243648
"BBGRL",1000,969,"1000_ep0.01_0_gilbert_4.in",5,167.3875,1503720511453090304
"BBGRL",1000,963,"1000_ep0.01_0_gilbert_4.in",6,167.7658,1503720680875225600
"BBGRL",1000,959,"1000_ep0.01_0_gilbert_4.in",7,167.7027,1503720850493980672
"BBGRL",1000,955,"1000_ep0.01_0_gilbert_4.in",8,167.2085,1503721020303857408
"BBGRL",1000,948,"1000_ep0.01_0_gilbert_4.in",9,167.6336,1503721189304743168
"BBGRL",1000,933,"1000_ep0.01_0_gilbert_4.in",10,168.4453,1503721358745477632
"BBGRL",1000,994,"1000_ep0.0125_0_gilbert_4.in",1,65.6442,1503721528980157184
"BBGRL",1000,989,"1000_ep0.0125_0_gilbert_4.in",2,167.2519,1503721596472592384
"BBGRL",1000,984,"1000_ep0.0125_0_gilbert_4.in",3,167.5827,1503721765761688064
"BBGRL",1000,978,"1000_ep0.0125_0_gilbert_4.in",4,169.1635,1503721935396317696
"BBGRL",1000,973,"1000_ep0.0125_0_gilbert_4.in",5,167.34,1503722106344590848
"BBGRL",1000,957,"1000_ep0.0125_0_gilbert_4.in",6,167.4888,1503722275720891136
"BBGRL",1000,1,"1000_ep0.0125_0_gilbert_4.in",7,14.5138,1503722445245496320
"BBGRL",1000,1,"1000_ep0.0125_0_gilbert_4.in",8,15.54,1503722461541545216
"BBGRL",1000,1,"1000_ep0.0125_0_gilbert_4.in",9,15.0729,1503722478850526208
"BBGRL",1000,1,"1000_ep0.0125_0_gilbert_4.in",10,15.8382,1503722495747468800
"BBGRL",1000,994,"1000_ep0.01_0_gilbert_2.in",1,55.6562,1503722513739159808
"BBGRL",1000,987,"1000_ep0.01_0_gilbert_2.in",2,167.455,1503722571432333568
"BBGRL",1000,981,"1000_ep0.01_0_gilbert_2.in",3,167.1663,1503722740900636672
"BBGRL",1000,974,"1000_ep0.01_0_gilbert_2.in",4,167.1745,1503722909850266624
"BBGRL",1000,969,"1000_ep0.01_0_gilbert_2.in",5,167.4947,1503723078795713536
"BBGRL",1000,961,"1000_ep0.01_0_gilbert_2.in",6,167.2305,1503723248073288704
"BBGRL",1000,955,"1000_ep0.01_0_gilbert_2.in",7,167.4718,1503723417335134464
"BBGRL",1000,950,"1000_ep0.01_0_gilbert_2.in",8,167.4303,1503723586856506624
"BBGRL",1000,949,"1000_ep0.01_0_gilbert_2.in",9,170.0975,1503723756173678080
"BBGRL",1000,935,"1000_ep0.01_0_gilbert_2.in",10,170.6773,1503723928303965696
"BBGRL",500,496,"500_ep0.025_0_gilbert_5.in",1,21.5325,1.503724099221e+18
"BBGRL",500,491,"500_ep0.025_0_gilbert_5.in",2,84.0992,1503724120990674688
"BBGRL",500,487,"500_ep0.025_0_gilbert_5.in",3,83.599,1503724205327806464
"BBGRL",500,482,"500_ep0.025_0_gilbert_5.in",4,83.5904,1503724289254556672
"BBGRL",500,478,"500_ep0.025_0_gilbert_5.in",5,83.5999,1503724373158918400
"BBGRL",500,473,"500_ep0.025_0_gilbert_5.in",6,83.8536,1503724457082929408
"BBGRL",500,468,"500_ep0.025_0_gilbert_5.in",7,83.5979,1503724541238387968
"BBGRL",500,464,"500_ep0.025_0_gilbert_5.in",8,83.931,1503724625181411072
"BBGRL",500,457,"500_ep0.025_0_gilbert_5.in",9,83.6553,1503724709349608192
"BBGRL",500,453,"500_ep0.025_0_gilbert_5.in",10,83.67,1503724793311492608
"BBGRL",500,493,"500_ep0.015_0_gilbert_4.in",1,20.7255,1503724877218744064
"BBGRL",500,487,"500_ep0.015_0_gilbert_4.in",2,83.6479,1503724898188183040
"BBGRL",500,478,"500_ep0.015_0_gilbert_4.in",3,83.7008,1503724982072130048
"BBGRL",500,467,"500_ep0.015_0_gilbert_4.in",4,83.7826,1503725066066921472
"BBGRL",500,1,"500_ep0.015_0_gilbert_4.in",5,4.4564,1503725150088010240
"BBGRL",500,1,"500_ep0.015_0_gilbert_4.in",6,4.8465,1503725154791502080
"BBGRL",500,1,"500_ep0.015_0_gilbert_4.in",7,5.205,1503725160010817792
"BBGRL",500,1,"500_ep0.015_0_gilbert_4.in",8,4.7294,1503725165606912000
"BBGRL",500,1,"500_ep0.015_0_gilbert_4.in",9,4.627,1503725170624433152
"BBGRL",500,1,"500_ep0.015_0_gilbert_4.in",10,4.8321,1503725175485552384
"BBGRL",500,495,"500_ep0.025_0_gilbert_10.in",1,24.2303,1503725180784108544
"BBGRL",500,490,"500_ep0.025_0_gilbert_10.in",2,83.6249,1503725205394989056
"BBGRL",500,486,"500_ep0.025_0_gilbert_10.in",3,83.6258,1503725289261209088
"BBGRL",500,481,"500_ep0.025_0_gilbert_10.in",4,83.9217,1503725373235373824
"BBGRL",500,476,"500_ep0.025_0_gilbert_10.in",5,83.6815,1503725457471300096
"BBGRL",500,471,"500_ep0.025_0_gilbert_10.in",6,83.6896,1503725541394750976
"BBGRL",500,466,"500_ep0.025_0_gilbert_10.in",7,83.6127,1503725625391706368
"BBGRL",500,460,"500_ep0.025_0_gilbert_10.in",8,83.6827,1503725709303444480
"BBGRL",500,455,"500_ep0.025_0_gilbert_10.in",9,83.6574,1503725793289254144
"BBGRL",500,447,"500_ep0.025_0_gilbert_10.in",10,83.6724,1503725877190062080
"BBGRL",500,495,"500_ep0.025_0_gilbert_3.in",1,23.7134,1503725961104499200
"BBGRL",500,490,"500_ep0.025_0_gilbert_3.in",2,83.7318,1503725985099190528
"BBGRL",500,484,"500_ep0.025_0_gilbert_3.in",3,83.6731,1503726069132829184
"BBGRL",500,479,"500_ep0.025_0_gilbert_3.in",4,83.602,1503726153048174848
"BBGRL",500,473,"500_ep0.025_0_gilbert_3.in",5,83.6486,1503726236948933632
"BBGRL",500,467,"500_ep0.025_0_gilbert_3.in",6,83.6188,1503726320898398976
"BBGRL",500,456,"500_ep0.025_0_gilbert_3.in",7,83.7115,1503726404852657664
"BBGRL",500,1,"500_ep0.025_0_gilbert_3.in",8,8.286,1503726488803788032
"BBGRL",500,1,"500_ep0.025_0_gilbert_3.in",9,8.3053,1503726497326282752
"BBGRL",500,1,"500_ep0.025_0_gilbert_3.in",10,9.0379,1503726505888626688
"BBGRL",500,494,"500_ep0.02_0_gilbert_5.in",1,20.6296,1503726515364900352
"BBGRL",500,488,"500_ep0.02_0_gilbert_5.in",2,83.6509,1503726536232741888
"BBGRL",500,482,"500_ep0.02_0_gilbert_5.in",3,83.5872,1503726620138280192
"BBGRL",500,476,"500_ep0.02_0_gilbert_5.in",4,83.7101,1503726704021920768
"BBGRL",500,469,"500_ep0.02_0_gilbert_5.in",5,83.7148,1503726788037276416
"BBGRL",500,465,"500_ep0.02_0_gilbert_5.in",6,83.9329,1503726871989751552
"BBGRL",500,455,"500_ep0.02_0_gilbert_5.in",7,85.7138,1503726956225364224
"BBGRL",500,2,"500_ep0.02_0_gilbert_5.in",8,21.0402,1503727042237088256
"BBGRL",500,1,"500_ep0.02_0_gilbert_5.in",9,7.8208,1503727063744153088
"BBGRL",500,1,"500_ep0.02_0_gilbert_5.in",10,7.7604,1503727071809468160
"BBGRL",500,495,"500_ep0.02_0_gilbert_9.in",1,21.6445,1503727080034651904
"BBGRL",500,490,"500_ep0.02_0_gilbert_9.in",2,83.59,1503727101917440512
"BBGRL",500,484,"500_ep0.02_0_gilbert_9.in",3,83.6861,1503727185802282240
"BBGRL",500,479,"500_ep0.02_0_gilbert_9.in",4,83.5706,1503727269789338112
"BBGRL",500,473,"500_ep0.02_0_gilbert_9.in",5,83.6284,1503727353702792192
"BBGRL",500,468,"500_ep0.02_0_gilbert_9.in",6,83.6358,1503727437671419392
"BBGRL",500,461,"500_ep0.02_0_gilbert_9.in",7,83.6171,1503727521548531712
"BBGRL",500,455,"500_ep0.02_0_gilbert_9.in",8,83.6185,1503727605409348608
"BBGRL",500,450,"500_ep0.02_0_gilbert_9.in",9,83.6168,1503727689268520192
"BBGRL",500,443,"500_ep0.02_0_gilbert_9.in",10,83.581,1503727773182487552
"BBGRL",500,496,"500_ep0.025_0_gilbert_2.in",1,21.4917,1503727857059454720
"BBGRL",500,491,"500_ep0.025_0_gilbert_2.in",2,83.5913,1503727878788888576
"BBGRL",500,486,"500_ep0.025_0_gilbert_2.in",3,83.7546,1503727962680378112
"BBGRL",500,481,"500_ep0.025_0_gilbert_2.in",4,83.7445,1.503728046682e+18
"BBGRL",500,475,"500_ep0.025_0_gilbert_2.in",5,83.7901,1503728130727628800
"BBGRL",500,469,"500_ep0.025_0_gilbert_2.in",6,83.6312,1503728214823738112
"BBGRL",500,462,"500_ep0.025_0_gilbert_2.in",7,83.6979,1503728298756528384
"BBGRL",500,2,"500_ep0.025_0_gilbert_2.in",8,25.5879,1503728382697570304
"BBGRL",500,1,"500_ep0.025_0_gilbert_2.in",9,9.4724,1503728408701089024
"BBGRL",500,1,"500_ep0.025_0_gilbert_2.in",10,9.587,1503728418641458176
"BBGRL",500,492,"500_ep0.015_0_gilbert_3.in",1,20.5952,1503728428697408256
"BBGRL",500,485,"500_ep0.015_0_gilbert_3.in",2,83.602,1503728449737698304
"BBGRL",500,478,"500_ep0.015_0_gilbert_3.in",3,83.5705,1503728533614388224
"BBGRL",500,469,"500_ep0.015_0_gilbert_3.in",4,83.5998,1503728617426673408
"BBGRL",500,2,"500_ep0.015_0_gilbert_3.in",5,20.677,1503728701324892416
"BBGRL",500,1,"500_ep0.015_0_gilbert_3.in",6,5.5614,1503728722477908224
"BBGRL",500,1,"500_ep0.015_0_gilbert_3.in",7,5.4505,1503728728389093632
"BBGRL",500,1,"500_ep0.015_0_gilbert_3.in",8,5.34,1503728734265399296
"BBGRL",500,1,"500_ep0.015_0_gilbert_3.in",9,5.6742,1503728740071339776
"BBGRL",500,1,"500_ep0.015_0_gilbert_3.in",10,5.3118,1503728746210933504
"BBGRL",500,496,"500_ep0.025_0_gilbert_8.in",1,21.4085,1503728751896219392
"BBGRL",500,491,"500_ep0.025_0_gilbert_8.in",2,83.6089,1503728773778202880
"BBGRL",500,486,"500_ep0.025_0_gilbert_8.in",3,83.5877,1503728857623277824
"BBGRL",500,482,"500_ep0.025_0_gilbert_8.in",4,83.5303,1503728941451675392
"BBGRL",500,477,"500_ep0.025_0_gilbert_8.in",5,83.5488,1503729025222686464
"BBGRL",500,472,"500_ep0.025_0_gilbert_8.in",6,83.5434,1503729109106816256
"BBGRL",500,468,"500_ep0.025_0_gilbert_8.in",7,83.6662,1503729193025017344
"BBGRL",500,463,"500_ep0.025_0_gilbert_8.in",8,83.6138,1503729276997584384
"BBGRL",500,457,"500_ep0.025_0_gilbert_8.in",9,83.7097,1503729360880107520
"BBGRL",500,451,"500_ep0.025_0_gilbert_8.in",10,83.6988,1503729444828011008
"BBGRL",500,492,"500_ep0.015_0_gilbert_9.in",1,20.3731,1503729528826350592
"BBGRL",500,483,"500_ep0.015_0_gilbert_9.in",2,66.9586,1503729549616783104
"BBGRL",500,475,"500_ep0.015_0_gilbert_9.in",3,83.6506,1503729616873084672
"BBGRL",500,468,"500_ep0.015_0_gilbert_9.in",4,83.6072,1503729700759336448
"BBGRL",500,464,"500_ep0.015_0_gilbert_9.in",5,83.6559,1503729784675652352
"BBGRL",500,444,"500_ep0.015_0_gilbert_9.in",6,83.6397,1503729868579197184
"BBGRL",500,2,"500_ep0.015_0_gilbert_9.in",7,11.5527,1503729952457387776
"BBGRL",500,1,"500_ep0.015_0_gilbert_9.in",8,5.2344,1503729964244836096
"BBGRL",500,1,"500_ep0.015_0_gilbert_9.in",9,5.6018,1503729969713935360
"BBGRL",500,1,"500_ep0.015_0_gilbert_9.in",10,5.799,1503729975780889856
"BBGRL",500,496,"500_ep0.025_0_gilbert_1.in",1,21.0199,1503729982010273024
"BBGRL",500,490,"500_ep0.025_0_gilbert_1.in",2,83.5957,1503730003268226560
"BBGRL",500,486,"500_ep0.025_0_gilbert_1.in",3,83.5909,1503730087099269120
"BBGRL",500,482,"500_ep0.025_0_gilbert_1.in",4,83.5971,1503730170977383680
"BBGRL",500,476,"500_ep0.025_0_gilbert_1.in",5,84.106,1503730254884923648
"BBGRL",500,472,"500_ep0.025_0_gilbert_1.in",6,83.6553,1503730339228531200
"BBGRL",500,468,"500_ep0.025_0_gilbert_1.in",7,83.6564,1503730423199924480
"BBGRL",500,464,"500_ep0.025_0_gilbert_1.in",8,83.6664,1503730507161877248
"BBGRL",500,456,"500_ep0.025_0_gilbert_1.in",9,83.6897,1503730591068403200
"BBGRL",500,451,"500_ep0.025_0_gilbert_1.in",10,83.6114,1503730675093436928
"BBGRL",500,496,"500_ep0.025_0_gilbert_6.in",1,23.9256,1503730758945032704
"BBGRL",500,491,"500_ep0.025_0_gilbert_6.in",2,83.662,1503730783323178496
"BBGRL",500,486,"500_ep0.025_0_gilbert_6.in",3,83.6408,1503730867305427456
"BBGRL",500,481,"500_ep0.025_0_gilbert_6.in",4,83.6405,1503730951236728576
"BBGRL",500,476,"500_ep0.025_0_gilbert_6.in",5,83.6417,1503731035296749568
"BBGRL",500,470,"500_ep0.025_0_gilbert_6.in",6,83.6069,1503731119179320064
"BBGRL",500,462,"500_ep0.025_0_gilbert_6.in",7,83.9597,1503731203087227648
"BBGRL",500,449,"500_ep0.025_0_gilbert_6.in",8,83.6495,1503731287351556864
"BBGRL",500,1,"500_ep0.025_0_gilbert_6.in",9,9.5626,1503731371245388032
"BBGRL",500,1,"500_ep0.025_0_gilbert_6.in",10,9.0301,1503731381230864128
"BBGRL",500,494,"500_ep0.02_0_gilbert_7.in",1,22.9168,1503731390730555136
"BBGRL",500,488,"500_ep0.02_0_gilbert_7.in",2,84.4749,1503731413895991808
"BBGRL",500,1,"500_ep0.02_0_gilbert_7.in",3,4.7784,1503731498614854656
"BBGRL",500,1,"500_ep0.02_0_gilbert_7.in",4,4.8328,1503731503860788480
"BBGRL",500,1,"500_ep0.02_0_gilbert_7.in",5,4.5643,1503731509037843712
"BBGRL",500,1,"500_ep0.02_0_gilbert_7.in",6,4.5893,1503731514069352704
"BBGRL",500,1,"500_ep0.02_0_gilbert_7.in",7,4.4764,1503731519125370368
"BBGRL",500,1,"500_ep0.02_0_gilbert_7.in",8,4.9162,1503731523836467456
"BBGRL",500,1,"500_ep0.02_0_gilbert_7.in",9,4.9234,1503731529159866880
"BBGRL",500,1,"500_ep0.02_0_gilbert_7.in",10,4.7623,1503731534549854208
"BBGRL",500,494,"500_ep0.02_0_gilbert_4.in",1,23.0715,1503731539601249024
"BBGRL",500,489,"500_ep0.02_0_gilbert_4.in",2,83.5823,1503731562910785024
"BBGRL",500,483,"500_ep0.02_0_gilbert_4.in",3,83.5814,1503731646728039936
"BBGRL",500,476,"500_ep0.02_0_gilbert_4.in",4,83.7129,1503731730573548800
"BBGRL",500,472,"500_ep0.02_0_gilbert_4.in",5,83.6579,1503731814594803200
"BBGRL",500,466,"500_ep0.02_0_gilbert_4.in",6,83.9204,1503731898487910656
"BBGRL",500,459,"500_ep0.02_0_gilbert_4.in",7,83.6642,1503731982707776512
"BBGRL",500,2,"500_ep0.02_0_gilbert_4.in",8,24.2431,1503732066630679808
"BBGRL",500,1,"500_ep0.02_0_gilbert_4.in",9,8.32,1503732091229696768
"BBGRL",500,1,"500_ep0.02_0_gilbert_4.in",10,7.6318,1503732099924515840
"BBGRL",500,492,"500_ep0.015_0_gilbert_8.in",1,20.4553,1503732107791532544
"BBGRL",500,485,"500_ep0.015_0_gilbert_8.in",2,83.5592,1503732128717801984
"BBGRL",500,477,"500_ep0.015_0_gilbert_8.in",3,83.5403,1503732212572043008
"BBGRL",500,469,"500_ep0.015_0_gilbert_8.in",4,83.5558,1503732296412846592
"BBGRL",500,463,"500_ep0.015_0_gilbert_8.in",5,83.6344,1503732380267635712
"BBGRL",500,2,"500_ep0.015_0_gilbert_8.in",6,15.9848,1503732464148587776
"BBGRL",500,1,"500_ep0.015_0_gilbert_8.in",7,5.8134,1503732480599191296
"BBGRL",500,1,"500_ep0.015_0_gilbert_8.in",8,5.6067,1503732486878645248
"BBGRL",500,1,"500_ep0.015_0_gilbert_8.in",9,5.604,1503732492950833152
"BBGRL",500,1,"500_ep0.015_0_gilbert_8.in",10,5.5617,1503732498927817728
"BBGRL",500,494,"500_ep0.02_0_gilbert_3.in",1,22.3149,1503732504955265024
"BBGRL",500,489,"500_ep0.02_0_gilbert_3.in",2,83.5873,1503732527527489024
"BBGRL",500,483,"500_ep0.02_0_gilbert_3.in",3,83.6345,1503732611349622016
"BBGRL",500,478,"500_ep0.02_0_gilbert_3.in",4,83.6887,1503732695227736320
"BBGRL",500,471,"500_ep0.02_0_gilbert_3.in",5,83.573,1503732779181847040
"BBGRL",500,465,"500_ep0.02_0_gilbert_3.in",6,83.6206,1503732863050550784
"BBGRL",500,459,"500_ep0.02_0_gilbert_3.in",7,83.664,1503732946971023616
"BBGRL",500,451,"500_ep0.02_0_gilbert_3.in",8,83.6065,1503733030876152064
"BBGRL",500,439,"500_ep0.02_0_gilbert_3.in",9,83.6781,1503733114722754304
"BBGRL",500,2,"500_ep0.02_0_gilbert_3.in",10,14.56,1503733198636456704
"BBGRL",500,496,"500_ep0.025_0_gilbert_7.in",1,20.767,1503733213432665856
"BBGRL",500,491,"500_ep0.025_0_gilbert_7.in",2,83.535,1503733234438157824
"BBGRL",500,486,"500_ep0.025_0_gilbert_7.in",3,83.551,1503733318210245376
"BBGRL",500,482,"500_ep0.025_0_gilbert_7.in",4,83.5554,1503733402019130624
"BBGRL",500,477,"500_ep0.025_0_gilbert_7.in",5,83.6217,1503733485876187136
"BBGRL",500,473,"500_ep0.025_0_gilbert_7.in",6,83.5984,1503733569807081472
"BBGRL",500,468,"500_ep0.025_0_gilbert_7.in",7,83.6601,1503733653708318208
"BBGRL",500,462,"500_ep0.025_0_gilbert_7.in",8,83.6772,1503733737672519168
"BBGRL",500,457,"500_ep0.025_0_gilbert_7.in",9,83.5498,1503733821656518912
"BBGRL",500,450,"500_ep0.025_0_gilbert_7.in",10,83.7222,1503733905506763264
"BBGRL",500,492,"500_ep0.015_0_gilbert_2.in",1,22.7757,1503733989533569536
"BBGRL",500,485,"500_ep0.015_0_gilbert_2.in",2,83.5504,1503734012617612288
"BBGRL",500,476,"500_ep0.015_0_gilbert_2.in",3,83.6657,1503734096406186496
"BBGRL",500,1,"500_ep0.015_0_gilbert_2.in",4,4.5961,1503734180315800832
"BBGRL",500,1,"500_ep0.015_0_gilbert_2.in",5,4.7893,1503734185265877248
"BBGRL",500,1,"500_ep0.015_0_gilbert_2.in",6,4.6953,1503734190428106496
"BBGRL",500,1,"500_ep0.015_0_gilbert_2.in",7,4.4098,1503734195588743936
"BBGRL",500,1,"500_ep0.015_0_gilbert_2.in",8,4.7305,1503734200279198720
"BBGRL",500,1,"500_ep0.015_0_gilbert_2.in",9,4.7998,1503734205476028672
"BBGRL",500,1,"500_ep0.015_0_gilbert_2.in",10,4.9274,1503734210740878336
"BBGRL",500,493,"500_ep0.015_0_gilbert_10.in",1,25.6939,1503734216134148352
"BBGRL",500,486,"500_ep0.015_0_gilbert_10.in",2,83.5701,1503734242148627456
"BBGRL",500,477,"500_ep0.015_0_gilbert_10.in",3,83.726,1503734326007683840
"BBGRL",500,2,"500_ep0.015_0_gilbert_10.in",4,17.7948,1503734410028944128
"BBGRL",500,1,"500_ep0.015_0_gilbert_10.in",5,4.7218,1503734428133288960
"BBGRL",500,1,"500_ep0.015_0_gilbert_10.in",6,4.5811,1503734433238194688
"BBGRL",500,1,"500_ep0.015_0_gilbert_10.in",7,4.8138,1503734438059797760
"BBGRL",500,1,"500_ep0.015_0_gilbert_10.in",8,4.5433,1503734443246158080
"BBGRL",500,1,"500_ep0.015_0_gilbert_10.in",9,4.8728,1503734448066182912
"BBGRL",500,1,"500_ep0.015_0_gilbert_10.in",10,4.534,1503734453343771136
"BBGRL",500,495,"500_ep0.02_0_gilbert_6.in",1,22.601,1503734458259269632
"BBGRL",500,488,"500_ep0.02_0_gilbert_6.in",2,83.5957,1503734481215718912
"BBGRL",500,483,"500_ep0.02_0_gilbert_6.in",3,83.6783,1503734565046034432
"BBGRL",500,477,"500_ep0.02_0_gilbert_6.in",4,83.654,1503734649057283072
"BBGRL",500,470,"500_ep0.02_0_gilbert_6.in",5,84.6935,1503734733005503744
"BBGRL",500,465,"500_ep0.02_0_gilbert_6.in",6,83.6204,1503734817933447424
"BBGRL",500,456,"500_ep0.02_0_gilbert_6.in",7,83.5921,1503734901812332800
"BBGRL",500,2,"500_ep0.02_0_gilbert_6.in",8,18.9104,1503734985642670592
"BBGRL",500,1,"500_ep0.02_0_gilbert_6.in",9,7.6689,1503735004787501568
"BBGRL",500,1,"500_ep0.02_0_gilbert_6.in",10,7.4188,1.503735012905e+18
"BBGRL",500,496,"500_ep0.025_0_gilbert_9.in",1,21.8271,1503735020650632448
"BBGRL",500,491,"500_ep0.025_0_gilbert_9.in",2,83.5534,1503735042715472896
"BBGRL",500,486,"500_ep0.025_0_gilbert_9.in",3,83.5919,1503735126607736064
"BBGRL",500,482,"500_ep0.025_0_gilbert_9.in",4,83.6271,1503735210498063360
"BBGRL",500,478,"500_ep0.025_0_gilbert_9.in",5,83.5235,1503735294425067264
"BBGRL",500,472,"500_ep0.025_0_gilbert_9.in",6,83.5848,1503735378185182464
"BBGRL",500,468,"500_ep0.025_0_gilbert_9.in",7,83.8212,1503735462058974976
"BBGRL",500,463,"500_ep0.025_0_gilbert_9.in",8,83.5682,1503735546119716096
"BBGRL",500,459,"500_ep0.025_0_gilbert_9.in",9,83.5939,1503735629925443584
"BBGRL",500,455,"500_ep0.025_0_gilbert_9.in",10,83.571,1503735713826915840
"BBGRL",500,494,"500_ep0.02_0_gilbert_1.in",1,21.1194,1503735797678032640
"BBGRL",500,488,"500_ep0.02_0_gilbert_1.in",2,83.6168,1503735819092608256
"BBGRL",500,481,"500_ep0.02_0_gilbert_1.in",3,83.6639,1503735903029962240
"BBGRL",500,475,"500_ep0.02_0_gilbert_1.in",4,84.0564,1503735987014210816
"BBGRL",500,466,"500_ep0.02_0_gilbert_1.in",5,83.7158,1503736071308520960
"BBGRL",500,1,"500_ep0.02_0_gilbert_1.in",6,6.0614,1503736155264214528
"BBGRL",500,1,"500_ep0.02_0_gilbert_1.in",7,6.4275,1503736161649082112
"BBGRL",500,1,"500_ep0.02_0_gilbert_1.in",8,6.4808,1503736168542938880
"BBGRL",500,1,"500_ep0.02_0_gilbert_1.in",9,6.7104,1503736175258117120
"BBGRL",500,1,"500_ep0.02_0_gilbert_1.in",10,6.1786,1503736182342678272
"BBGRL",500,493,"500_ep0.015_0_gilbert_7.in",1,21.9185,1503736188986250240
"BBGRL",500,485,"500_ep0.015_0_gilbert_7.in",2,83.6463,1503736211308229120
"BBGRL",500,478,"500_ep0.015_0_gilbert_7.in",3,83.6049,1503736295235332352
"BBGRL",500,471,"500_ep0.015_0_gilbert_7.in",4,83.5874,1503736379079172864
"BBGRL",500,459,"500_ep0.015_0_gilbert_7.in",5,83.7464,1503736462902528512
"BBGRL",500,2,"500_ep0.015_0_gilbert_7.in",6,17.2234,1503736546934455296
"BBGRL",500,1,"500_ep0.015_0_gilbert_7.in",7,5.4671,1503736564392353792
"BBGRL",500,1,"500_ep0.015_0_gilbert_7.in",8,5.8798,1503736570215562752
"BBGRL",500,1,"500_ep0.015_0_gilbert_7.in",9,5.796,1503736576561484288
"BBGRL",500,1,"500_ep0.015_0_gilbert_7.in",10,5.3291,1503736582794817280
"BBGRL",500,493,"500_ep0.015_0_gilbert_6.in",1,20.6,1503736588358089984
"BBGRL",500,487,"500_ep0.015_0_gilbert_6.in",2,83.5334,1503736609417076736
"BBGRL",500,479,"500_ep0.015_0_gilbert_6.in",3,83.6978,1503736693184925184
"BBGRL",500,472,"500_ep0.015_0_gilbert_6.in",4,83.5462,1503736777310484480
"BBGRL",500,465,"500_ep0.015_0_gilbert_6.in",5,83.547,1503736861261095424
"BBGRL",500,459,"500_ep0.015_0_gilbert_6.in",6,83.5289,1503736945110856960
"BBGRL",500,451,"500_ep0.015_0_gilbert_6.in",7,83.5927,1503737028878025728
"BBGRL",500,443,"500_ep0.015_0_gilbert_6.in",8,83.6234,1503737112771873024
"BBGRL",500,426,"500_ep0.015_0_gilbert_6.in",9,83.6772,1503737196636078336
"BBGRL",500,3,"500_ep0.015_0_gilbert_6.in",10,21.0048,1503737280549690880
"BBGRL",500,494,"500_ep0.02_0_gilbert_8.in",1,22.6344,1503737301927207424
"BBGRL",500,488,"500_ep0.02_0_gilbert_8.in",2,83.6547,1503737324799542784
"BBGRL",500,482,"500_ep0.02_0_gilbert_8.in",3,83.6449,1503737408688837632
"BBGRL",500,476,"500_ep0.02_0_gilbert_8.in",4,83.5728,1503737492632288256
"BBGRL",500,472,"500_ep0.02_0_gilbert_8.in",5,83.5844,1503737576442489344
"BBGRL",500,465,"500_ep0.02_0_gilbert_8.in",6,84.2998,1503737660322820352
"BBGRL",500,458,"500_ep0.02_0_gilbert_8.in",7,83.6234,1503737744899439104
"BBGRL",500,451,"500_ep0.02_0_gilbert_8.in",8,85.5785,1503737828828208896
"BBGRL",500,4,"500_ep0.02_0_gilbert_8.in",9,54.15,1503737914703461120
"BBGRL",500,2,"500_ep0.02_0_gilbert_8.in",10,17.6755,1503737969108743424
"BBGRL",500,495,"500_ep0.02_0_gilbert_10.in",1,20.0951,1503737987074517248
"BBGRL",500,490,"500_ep0.02_0_gilbert_10.in",2,64.6705,1503738007406625280
"BBGRL",500,485,"500_ep0.02_0_gilbert_10.in",3,83.5578,1503738072315209216
"BBGRL",500,480,"500_ep0.02_0_gilbert_10.in",4,83.5533,1503738156150915072
"BBGRL",500,475,"500_ep0.02_0_gilbert_10.in",5,83.6895,1503738239993643520
"BBGRL",500,469,"500_ep0.02_0_gilbert_10.in",6,83.6065,1.503738323919e+18
"BBGRL",500,464,"500_ep0.02_0_gilbert_10.in",7,83.6191,1503738407827044864
"BBGRL",500,458,"500_ep0.02_0_gilbert_10.in",8,83.5686,1503738491686168832
"BBGRL",500,452,"500_ep0.02_0_gilbert_10.in",9,83.8115,1503738575561520128
"BBGRL",500,445,"500_ep0.02_0_gilbert_10.in",10,83.5643,1503738659669699072
"BBGRL",500,492,"500_ep0.015_0_gilbert_5.in",1,22.4053,1503738743570049024
"BBGRL",500,483,"500_ep0.015_0_gilbert_5.in",2,83.6867,1503738766210016768
"BBGRL",500,474,"500_ep0.015_0_gilbert_5.in",3,83.6028,1503738850133987840
"BBGRL",500,3,"500_ep0.015_0_gilbert_5.in",4,26.411,1.503738934073e+18
"BBGRL",500,1,"500_ep0.015_0_gilbert_5.in",5,4.692,1503738960766242560
"BBGRL",500,1,"500_ep0.015_0_gilbert_5.in",6,4.7189,1503738965754024960
"BBGRL",500,1,"500_ep0.015_0_gilbert_5.in",7,4.7612,1503738970767584256
"BBGRL",500,1,"500_ep0.015_0_gilbert_5.in",8,4.848,1503738975991970048
"BBGRL",500,1,"500_ep0.015_0_gilbert_5.in",9,4.9311,1503738981230652672
"BBGRL",500,1,"500_ep0.015_0_gilbert_5.in",10,4.8886,1503738986627334656
"BBGRL",500,494,"500_ep0.02_0_gilbert_2.in",1,23.7024,1503738991845326592
"BBGRL",500,489,"500_ep0.02_0_gilbert_2.in",2,83.6582,1503739015785720064
"BBGRL",500,482,"500_ep0.02_0_gilbert_2.in",3,83.5797,1503739099681722880
"BBGRL",500,477,"500_ep0.02_0_gilbert_2.in",4,83.576,1503739183521240320
"BBGRL",500,471,"500_ep0.02_0_gilbert_2.in",5,85.4975,1503739267396827904
"BBGRL",500,465,"500_ep0.02_0_gilbert_2.in",6,83.6326,1503739353132281600
"BBGRL",500,456,"500_ep0.02_0_gilbert_2.in",7,83.634,1503739437044689152
"BBGRL",500,2,"500_ep0.02_0_gilbert_2.in",8,22.0121,1503739520915283968
"BBGRL",500,1,"500_ep0.02_0_gilbert_2.in",9,8.0082,1503739543333227008
"BBGRL",500,1,"500_ep0.02_0_gilbert_2.in",10,7.8474,1503739551693433088
"BBGRL",500,495,"500_ep0.025_0_gilbert_4.in",1,27.9211,1503739559808861440
"BBGRL",500,490,"500_ep0.025_0_gilbert_4.in",2,83.6101,1503739587995819520
"BBGRL",500,484,"500_ep0.025_0_gilbert_4.in",3,83.5387,1503739671843221760
"BBGRL",500,478,"500_ep0.025_0_gilbert_4.in",4,83.7897,1503739755638716672
"BBGRL",500,473,"500_ep0.025_0_gilbert_4.in",5,83.613,1503739839723034112
"BBGRL",500,461,"500_ep0.025_0_gilbert_4.in",6,84.0369,1503739923653981952
"BBGRL",500,1,"500_ep0.025_0_gilbert_4.in",7,7.9322,1503740007985517312
"BBGRL",500,1,"500_ep0.025_0_gilbert_4.in",8,8.1555,1503740016161122816
"BBGRL",500,1,"500_ep0.025_0_gilbert_4.in",9,7.9437,1503740024571391488
"BBGRL",500,1,"500_ep0.025_0_gilbert_4.in",10,8.5457,1503740032750605312
"BBGRL",500,493,"500_ep0.015_0_gilbert_1.in",1,21.2699,1503740041764595712
"BBGRL",500,486,"500_ep0.015_0_gilbert_1.in",2,83.5325,1503740063270725120
"BBGRL",500,479,"500_ep0.015_0_gilbert_1.in",3,83.5543,1503740147117014784
"BBGRL",500,472,"500_ep0.015_0_gilbert_1.in",4,83.5712,1503740230977758464
"BBGRL",500,465,"500_ep0.015_0_gilbert_1.in",5,83.5389,1503740314837865984
"BBGRL",500,455,"500_ep0.015_0_gilbert_1.in",6,83.6076,1503740398618313984
"BBGRL",500,2,"500_ep0.015_0_gilbert_1.in",7,14.3224,1503740482568179712
"BBGRL",500,1,"500_ep0.015_0_gilbert_1.in",8,6.1852,1503740497125326080
"BBGRL",500,1,"500_ep0.015_0_gilbert_1.in",9,6.4818,1503740503776074240
"BBGRL",500,1,"500_ep0.015_0_gilbert_1.in",10,6.3411,1503740510723803136
"BBGRL",100,94,"100_ep0.075_0_gilbert_10.in",1,13.7822,1503740517090172160
"BBGRL",100,88,"100_ep0.075_0_gilbert_10.in",2,16.7526,1503740530884567808
"BBGRL",100,1,"100_ep0.075_0_gilbert_10.in",3,1.1098,1503740547652905472
"BBGRL",100,1,"100_ep0.075_0_gilbert_10.in",4,0.9982,1503740548774176256
"BBGRL",100,1,"100_ep0.075_0_gilbert_10.in",5,1.0013,1503740549783846400
"BBGRL",100,1,"100_ep0.075_0_gilbert_10.in",6,1.002,1503740550796544256
"BBGRL",100,1,"100_ep0.075_0_gilbert_10.in",7,1.0419,1503740551810307840
"BBGRL",100,1,"100_ep0.075_0_gilbert_10.in",8,1.0001,1503740552863722752
"BBGRL",100,1,"100_ep0.075_0_gilbert_10.in",9,1.2552,1503740553875657472
"BBGRL",100,1,"100_ep0.075_0_gilbert_10.in",10,0.9955,1503740555142626816
"BBGRL",100,90,"100_ep0.05_0_gilbert_8.in",1,13.3959,1503740556149882624
"BBGRL",100,81,"100_ep0.05_0_gilbert_8.in",2,16.7492,1503740569558018048
"BBGRL",100,4,"100_ep0.05_0_gilbert_8.in",3,3.6511,1503740586328304896
"BBGRL",100,2,"100_ep0.05_0_gilbert_8.in",4,1.6896,1503740589991168512
"BBGRL",100,1,"100_ep0.05_0_gilbert_8.in",5,0.8097,1503740591692334848
"BBGRL",100,1,"100_ep0.05_0_gilbert_8.in",6,0.8074,1503740592513734656
"BBGRL",100,1,"100_ep0.05_0_gilbert_8.in",7,0.8088,1503740593332323840
"BBGRL",100,1,"100_ep0.05_0_gilbert_8.in",8,0.8123,1503740594152261120
"BBGRL",100,1,"100_ep0.05_0_gilbert_8.in",9,0.8038,1503740594976091392
"BBGRL",100,1,"100_ep0.05_0_gilbert_8.in",10,0.8057,1503740595791157504
"BBGRL",100,96,"100_ep0.1_0_gilbert_6.in",1,3.02,1503740596608550656
"BBGRL",100,92,"100_ep0.1_0_gilbert_6.in",2,16.7166,1503740599650503936
"BBGRL",100,87,"100_ep0.1_0_gilbert_6.in",3,16.7182,1503740616387207424
"BBGRL",100,82,"100_ep0.1_0_gilbert_6.in",4,16.7331,1503740633120456960
"BBGRL",100,77,"100_ep0.1_0_gilbert_6.in",5,16.7117,1503740649868528896
"BBGRL",100,67,"100_ep0.1_0_gilbert_6.in",6,16.7363,1503740666596370944
"BBGRL",100,2,"100_ep0.1_0_gilbert_6.in",7,4.4484,1503740683348198656
"BBGRL",100,1,"100_ep0.1_0_gilbert_6.in",8,1.8603,1503740687818291968
"BBGRL",100,1,"100_ep0.1_0_gilbert_6.in",9,1.7958,1503740689690561792
"BBGRL",100,1,"100_ep0.1_0_gilbert_6.in",10,1.5402,1503740691497885696
"BBGRL",100,96,"100_ep0.1_0_gilbert_8.in",1,3.3222,1503740693049977088
"BBGRL",100,91,"100_ep0.1_0_gilbert_8.in",2,13.5014,1503740696390070528
"BBGRL",100,87,"100_ep0.1_0_gilbert_8.in",3,16.7404,1503740709906564608
"BBGRL",100,82,"100_ep0.1_0_gilbert_8.in",4,16.7208,1503740726659346944
"BBGRL",100,77,"100_ep0.1_0_gilbert_8.in",5,16.7372,1503740743392988928
"BBGRL",100,72,"100_ep0.1_0_gilbert_8.in",6,16.7283,1503740760149870848
"BBGRL",100,61,"100_ep0.1_0_gilbert_8.in",7,16.7328,1503740776892749312
"BBGRL",100,2,"100_ep0.1_0_gilbert_8.in",8,4.1999,1503740793642866944
"BBGRL",100,1,"100_ep0.1_0_gilbert_8.in",9,1.856,1503740797856584448
"BBGRL",100,1,"100_ep0.1_0_gilbert_8.in",10,1.6084,1503740799724512768
"BBGRL",100,95,"100_ep0.075_0_gilbert_5.in",1,10.0322,1503740801344820992
"BBGRL",100,88,"100_ep0.075_0_gilbert_5.in",2,16.7438,1503740811388964096
"BBGRL",100,83,"100_ep0.075_0_gilbert_5.in",3,16.7165,1503740828150595840
"BBGRL",100,74,"100_ep0.075_0_gilbert_5.in",4,16.752,1503740844881823744
"BBGRL",100,2,"100_ep0.075_0_gilbert_5.in",5,3.3392,1503740861646731520
"BBGRL",100,1,"100_ep0.075_0_gilbert_5.in",6,1.5765,1503740865007095552
"BBGRL",100,1,"100_ep0.075_0_gilbert_5.in",7,1.1513,1.503740866595e+18
"BBGRL",100,1,"100_ep0.075_0_gilbert_5.in",8,1.4043,1503740867758162432
"BBGRL",100,1,"100_ep0.075_0_gilbert_5.in",9,1.401,1503740869174254080
"BBGRL",100,1,"100_ep0.075_0_gilbert_5.in",10,1.1346,1503740870586705664
"BBGRL",100,96,"100_ep0.1_0_gilbert_3.in",1,2.8034,1503740871732782592
"BBGRL",100,92,"100_ep0.1_0_gilbert_3.in",2,16.7447,1.503740874549e+18
"BBGRL",100,86,"100_ep0.1_0_gilbert_3.in",3,16.7416,1503740891308737280
"BBGRL",100,82,"100_ep0.1_0_gilbert_3.in",4,16.7164,1503740908063222016
"BBGRL",100,76,"100_ep0.1_0_gilbert_3.in",5,16.711,1503740924792131840
"BBGRL",100,72,"100_ep0.1_0_gilbert_3.in",6,16.7359,1503740941517036544
"BBGRL",100,64,"100_ep0.1_0_gilbert_3.in",7,16.7564,1503740958268657664
"BBGRL",100,11,"100_ep0.1_0_gilbert_3.in",8,16.7495,1503740975038487808
"BBGRL",100,2,"100_ep0.1_0_gilbert_3.in",9,4.0998,1503740991804551168
"BBGRL",100,1,"100_ep0.1_0_gilbert_3.in",10,1.9858,1503740995916184064
"BBGRL",100,92,"100_ep0.05_0_gilbert_4.in",1,8.5025,1503740997913800704
"BBGRL",100,80,"100_ep0.05_0_gilbert_4.in",2,16.7105,1503741006428474880
"BBGRL",100,2,"100_ep0.05_0_gilbert_4.in",3,2.3863,1503741023152457216
"BBGRL",100,1,"100_ep0.05_0_gilbert_4.in",4,1.3223,1503741025559617792
"BBGRL",100,1,"100_ep0.05_0_gilbert_4.in",5,0.8795,1503741026893303296
"BBGRL",100,1,"100_ep0.05_0_gilbert_4.in",6,0.8807,1503741027784184320
"BBGRL",100,1,"100_ep0.05_0_gilbert_4.in",7,0.8733,1503741028676247808
"BBGRL",100,1,"100_ep0.05_0_gilbert_4.in",8,0.8799,1503741029560981248
"BBGRL",100,1,"100_ep0.05_0_gilbert_4.in",9,1.1291,1503741030452481280
"BBGRL",100,1,"100_ep0.05_0_gilbert_4.in",10,0.8651,1503741031593408000
"BBGRL",100,92,"100_ep0.05_0_gilbert_5.in",1,3.8947,1503741032469919488
"BBGRL",100,85,"100_ep0.05_0_gilbert_5.in",2,16.7188,1503741036379037184
"BBGRL",100,77,"100_ep0.05_0_gilbert_5.in",3,16.7198,1503741053112371968
"BBGRL",100,63,"100_ep0.05_0_gilbert_5.in",4,16.7097,1503741069846688768
"BBGRL",100,12,"100_ep0.05_0_gilbert_5.in",5,12.7106,1503741086568775936
"BBGRL",100,4,"100_ep0.05_0_gilbert_5.in",6,3.6801,1503741099297005312
"BBGRL",100,3,"100_ep0.05_0_gilbert_5.in",7,2.4537,1503741102989090048
"BBGRL",100,2,"100_ep0.05_0_gilbert_5.in",8,1.9677,1503741105454627584
"BBGRL",100,1,"100_ep0.05_0_gilbert_5.in",9,1.4634,1503741107433800448
"BBGRL",100,1,"100_ep0.05_0_gilbert_5.in",10,1.2076,1503741108908793600
"BBGRL",100,91,"100_ep0.05_0_gilbert_2.in",1,6.2754,1503741110127898624
"BBGRL",100,80,"100_ep0.05_0_gilbert_2.in",2,16.7145,1503741116424346112
"BBGRL",100,2,"100_ep0.05_0_gilbert_2.in",3,2.2939,1503741133151215104
"BBGRL",100,1,"100_ep0.05_0_gilbert_2.in",4,1.1146,1503741135459409664
"BBGRL",100,1,"100_ep0.05_0_gilbert_2.in",5,0.8782,1503741136585315840
"BBGRL",100,1,"100_ep0.05_0_gilbert_2.in",6,1.2965,1503741137484125952
"BBGRL",100,1,"100_ep0.05_0_gilbert_2.in",7,0.9236,1503741138792099328
"BBGRL",100,1,"100_ep0.05_0_gilbert_2.in",8,0.8703,1503741139727102720
"BBGRL",100,1,"100_ep0.05_0_gilbert_2.in",9,1.1162,1503741140608955904
"BBGRL",100,1,"100_ep0.05_0_gilbert_2.in",10,1.1131,1503741141736706816
"BBGRL",100,95,"100_ep0.075_0_gilbert_6.in",1,3.6726,1503741142861349888
"BBGRL",100,89,"100_ep0.075_0_gilbert_6.in",2,16.715,1503741146554797056
"BBGRL",100,83,"100_ep0.075_0_gilbert_6.in",3,16.7189,1503741163284640512
"BBGRL",100,77,"100_ep0.075_0_gilbert_6.in",4,16.7226,1503741180018476032
"BBGRL",100,65,"100_ep0.075_0_gilbert_6.in",5,16.8164,1503741196757661952
"BBGRL",100,2,"100_ep0.075_0_gilbert_6.in",6,3.6085,1503741213591043584
"BBGRL",100,1,"100_ep0.075_0_gilbert_6.in",7,1.6327,1503741217220839936
"BBGRL",100,1,"100_ep0.075_0_gilbert_6.in",8,1.5086,1503741218865392384
"BBGRL",100,1,"100_ep0.075_0_gilbert_6.in",9,1.5065,1503741220385749248
"BBGRL",100,1,"100_ep0.075_0_gilbert_6.in",10,1.2633,1503741221904108800
"BBGRL",100,96,"100_ep0.1_0_gilbert_4.in",1,3.4161,1503741223179265536
"BBGRL",100,91,"100_ep0.1_0_gilbert_4.in",2,11.5246,1503741226609902592
"BBGRL",100,87,"100_ep0.1_0_gilbert_4.in",3,16.7302,1503741238146733568
"BBGRL",100,82,"100_ep0.1_0_gilbert_4.in",4,16.7247,1503741254900263168
"BBGRL",100,77,"100_ep0.1_0_gilbert_4.in",5,16.7202,1503741271638063360
"BBGRL",100,72,"100_ep0.1_0_gilbert_4.in",6,16.7212,1503741288371374592
"BBGRL",100,66,"100_ep0.1_0_gilbert_4.in",7,16.735,1503741305109330432
"BBGRL",100,52,"100_ep0.1_0_gilbert_4.in",8,16.8359,1503741321857675776
"BBGRL",100,2,"100_ep0.1_0_gilbert_4.in",9,4.353,1503741338710045696
"BBGRL",100,1,"100_ep0.1_0_gilbert_4.in",10,2.1554,1503741343084294912
"BBGRL",100,94,"100_ep0.075_0_gilbert_9.in",1,16.7199,1503741345251294976
"BBGRL",100,88,"100_ep0.075_0_gilbert_9.in",2,16.7579,1503741361986513408
"BBGRL",100,2,"100_ep0.075_0_gilbert_9.in",3,2.8776,1503741378762411776
"BBGRL",100,1,"100_ep0.075_0_gilbert_9.in",4,1.3721,1503741381661628928
"BBGRL",100,1,"100_ep0.075_0_gilbert_9.in",5,1.093,1503741383046928896
"BBGRL",100,1,"100_ep0.075_0_gilbert_9.in",6,0.9727,1503741384151284736
"BBGRL",100,1,"100_ep0.075_0_gilbert_9.in",7,0.9798,1503741385135904256
"BBGRL",100,1,"100_ep0.075_0_gilbert_9.in",8,0.9642,1503741386127094784
"BBGRL",100,1,"100_ep0.075_0_gilbert_9.in",9,0.9653,1503741387102658048
"BBGRL",100,1,"100_ep0.075_0_gilbert_9.in",10,1.0029,1503741388079832320
"BBGRL",100,96,"100_ep0.1_0_gilbert_10.in",1,14.884,1503741389094404608
"BBGRL",100,90,"100_ep0.1_0_gilbert_10.in",2,16.7724,1503741404001065472
"BBGRL",100,1,"100_ep0.1_0_gilbert_10.in",3,1.3868,1503741420788800512
"BBGRL",100,1,"100_ep0.1_0_gilbert_10.in",4,1.1171,1503741422187216128
"BBGRL",100,1,"100_ep0.1_0_gilbert_10.in",5,1.1206,1503741423315914752
"BBGRL",100,1,"100_ep0.1_0_gilbert_10.in",6,1.1408,1503741424448520960
"BBGRL",100,1,"100_ep0.1_0_gilbert_10.in",7,1.1248,1503741425600835584
"BBGRL",100,1,"100_ep0.1_0_gilbert_10.in",8,1.1896,1503741426737547264
"BBGRL",100,1,"100_ep0.1_0_gilbert_10.in",9,1.2101,1503741427938969600
"BBGRL",100,1,"100_ep0.1_0_gilbert_10.in",10,1.1166,1503741429160768768
"BBGRL",100,95,"100_ep0.075_0_gilbert_4.in",1,3.8625,1503741430289011968
"BBGRL",100,89,"100_ep0.075_0_gilbert_4.in",2,16.713,1503741434173248000
"BBGRL",100,83,"100_ep0.075_0_gilbert_4.in",3,16.7251,1503741450898413312
"BBGRL",100,75,"100_ep0.075_0_gilbert_4.in",4,16.7496,1503741467646619648
"BBGRL",100,65,"100_ep0.075_0_gilbert_4.in",5,16.7216,1503741484411346688
"BBGRL",100,5,"100_ep0.075_0_gilbert_4.in",6,6.1622,1503741501148015104
"BBGRL",100,2,"100_ep0.075_0_gilbert_4.in",7,2.6084,1503741507329416704
"BBGRL",100,1,"100_ep0.075_0_gilbert_4.in",8,1.5257,1503741509949901568
"BBGRL",100,1,"100_ep0.075_0_gilbert_4.in",9,1.2746,1503741511486962176
"BBGRL",100,1,"100_ep0.075_0_gilbert_4.in",10,1.2703,1503741512773010432
"BBGRL",100,89,"100_ep0.05_0_gilbert_10.in",1,3.9426,1503741514054603520
"BBGRL",100,80,"100_ep0.05_0_gilbert_10.in",2,16.7252,1503741518009211392
"BBGRL",100,67,"100_ep0.05_0_gilbert_10.in",3,16.7161,1503741534746792448
"BBGRL",100,7,"100_ep0.05_0_gilbert_10.in",4,10.5754,1503741551475363584
"BBGRL",100,3,"100_ep0.05_0_gilbert_10.in",5,3.1402,1503741562072737024
"BBGRL",100,2,"100_ep0.05_0_gilbert_10.in",6,1.9607,1503741565224786944
"BBGRL",100,1,"100_ep0.05_0_gilbert_10.in",7,1.353,1503741567206219520
"BBGRL",100,1,"100_ep0.05_0_gilbert_10.in",8,0.9773,1503741568570605824
"BBGRL",100,1,"100_ep0.05_0_gilbert_10.in",9,0.9809,1503741569559069696
"BBGRL",100,1,"100_ep0.05_0_gilbert_10.in",10,0.9786,1503741570551665920
"BBGRL",100,90,"100_ep0.05_0_gilbert_7.in",1,16.7214,1503741571541483008
"BBGRL",100,4,"100_ep0.05_0_gilbert_7.in",2,2.3445,1503741588275968000
"BBGRL",100,1,"100_ep0.05_0_gilbert_7.in",3,0.7381,1503741590632087296
"BBGRL",100,1,"100_ep0.05_0_gilbert_7.in",4,0.8207,1503741591381821440
"BBGRL",100,1,"100_ep0.05_0_gilbert_7.in",5,0.7382,1503741592213769728
"BBGRL",100,1,"100_ep0.05_0_gilbert_7.in",6,0.779,1503741592963828992
"BBGRL",100,1,"100_ep0.05_0_gilbert_7.in",7,0.729,1503741593754321664
"BBGRL",100,1,"100_ep0.05_0_gilbert_7.in",8,0.7395,1503741594494487552
"BBGRL",100,1,"100_ep0.05_0_gilbert_7.in",9,0.7602,1503741595245512192
"BBGRL",100,1,"100_ep0.05_0_gilbert_7.in",10,0.7293,1503741596017070336
"BBGRL",100,92,"100_ep0.05_0_gilbert_6.in",1,5.0211,1503741596757795840
"BBGRL",100,83,"100_ep0.05_0_gilbert_6.in",2,16.7108,1503741601790915072
"BBGRL",100,69,"100_ep0.05_0_gilbert_6.in",3,16.7259,1503741618525332480
"BBGRL",100,4,"100_ep0.05_0_gilbert_6.in",4,4.6259,1503741635264198656
"BBGRL",100,2,"100_ep0.05_0_gilbert_6.in",5,2.1887,1503741639911470592
"BBGRL",100,1,"100_ep0.05_0_gilbert_6.in",6,1.4848,1503741642121014016
"BBGRL",100,1,"100_ep0.05_0_gilbert_6.in",7,1.0761,1503741643617123072
"BBGRL",100,1,"100_ep0.05_0_gilbert_6.in",8,1.3274,1503741644704592640
"BBGRL",100,1,"100_ep0.05_0_gilbert_6.in",9,1.1593,1503741646044470016
"BBGRL",100,1,"100_ep0.05_0_gilbert_6.in",10,1.0665,1503741647215085824
"BBGRL",100,96,"100_ep0.1_0_gilbert_9.in",1,3.2642,1503741648293111808
"BBGRL",100,91,"100_ep0.1_0_gilbert_9.in",2,7.4331,1503741651579771904
"BBGRL",100,87,"100_ep0.1_0_gilbert_9.in",3,16.7234,1503741659033696000
"BBGRL",100,82,"100_ep0.1_0_gilbert_9.in",4,16.7316,1503741675772671744
"BBGRL",100,78,"100_ep0.1_0_gilbert_9.in",5,16.7336,1503741692519137536
"BBGRL",100,73,"100_ep0.1_0_gilbert_9.in",6,16.7308,1503741709268749568
"BBGRL",100,68,"100_ep0.1_0_gilbert_9.in",7,16.736,1503741726016389888
"BBGRL",100,58,"100_ep0.1_0_gilbert_9.in",8,16.766,1503741742771747840
"BBGRL",100,31,"100_ep0.1_0_gilbert_9.in",9,16.7763,1503741759550391296
"BBGRL",100,3,"100_ep0.1_0_gilbert_9.in",10,5.1377,1503741776340750592
"BBGRL",100,97,"100_ep0.1_0_gilbert_1.in",1,3.7788,1503741781500105984
"BBGRL",100,93,"100_ep0.1_0_gilbert_1.in",2,6.4757,1503741785300740864
"BBGRL",100,89,"100_ep0.1_0_gilbert_1.in",3,16.7344,1503741791799070208
"BBGRL",100,84,"100_ep0.1_0_gilbert_1.in",4,16.7267,1503741808547164928
"BBGRL",100,80,"100_ep0.1_0_gilbert_1.in",5,16.7215,1503741825291082240
"BBGRL",100,75,"100_ep0.1_0_gilbert_1.in",6,16.7149,1503741842024879360
"BBGRL",100,68,"100_ep0.1_0_gilbert_1.in",7,16.7262,1503741858755726592
"BBGRL",100,62,"100_ep0.1_0_gilbert_1.in",8,16.7259,1503741875500888064
"BBGRL",100,57,"100_ep0.1_0_gilbert_1.in",9,16.7351,1503741892241453568
"BBGRL",100,44,"100_ep0.1_0_gilbert_1.in",10,16.8048,1503741908990110464
"BBGRL",100,96,"100_ep0.1_0_gilbert_2.in",1,3.0758,1503741925810735872
"BBGRL",100,91,"100_ep0.1_0_gilbert_2.in",2,9.9117,1503741928898694144
"BBGRL",100,86,"100_ep0.1_0_gilbert_2.in",3,16.7186,1503741938822891520
"BBGRL",100,81,"100_ep0.1_0_gilbert_2.in",4,16.7364,1503741955556755456
"BBGRL",100,76,"100_ep0.1_0_gilbert_2.in",5,16.7257,1503741972310042624
"BBGRL",100,69,"100_ep0.1_0_gilbert_2.in",6,16.7428,1503741989050517760
"BBGRL",100,47,"100_ep0.1_0_gilbert_2.in",7,16.7482,1503742005806036480
"BBGRL",100,2,"100_ep0.1_0_gilbert_2.in",8,3.7598,1503742022572028160
"BBGRL",100,1,"100_ep0.1_0_gilbert_2.in",9,1.8223,1503742026343816704
"BBGRL",100,1,"100_ep0.1_0_gilbert_2.in",10,1.5756,1503742028179498752
"BBGRL",100,94,"100_ep0.075_0_gilbert_8.in",1,4.5371,1503742029766705408
"BBGRL",100,89,"100_ep0.075_0_gilbert_8.in",2,16.7467,1503742034325608192
"BBGRL",100,83,"100_ep0.075_0_gilbert_8.in",3,16.718,1503742051087053824
"BBGRL",100,76,"100_ep0.075_0_gilbert_8.in",4,16.7239,1503742067820114688
"BBGRL",100,62,"100_ep0.075_0_gilbert_8.in",5,16.7421,1503742084566505984
"BBGRL",100,2,"100_ep0.075_0_gilbert_8.in",6,3.0436,1503742101331773952
"BBGRL",100,1,"100_ep0.075_0_gilbert_8.in",7,1.5053,1503742104387240960
"BBGRL",100,1,"100_ep0.075_0_gilbert_8.in",8,1.2474,1503742105904150528
"BBGRL",100,1,"100_ep0.075_0_gilbert_8.in",9,1.4902,1503742107163164160
"BBGRL",100,1,"100_ep0.075_0_gilbert_8.in",10,1.2455,1503742108664880384
"BBGRL",100,94,"100_ep0.075_0_gilbert_1.in",1,3.5311,1503742109922483968
"BBGRL",100,89,"100_ep0.075_0_gilbert_1.in",2,14.1584,1503742113474886144
"BBGRL",100,84,"100_ep0.075_0_gilbert_1.in",3,16.7112,1503742127645664256
"BBGRL",100,77,"100_ep0.075_0_gilbert_1.in",4,16.7193,1503742144373462272
"BBGRL",100,69,"100_ep0.075_0_gilbert_1.in",5,16.7276,1503742161109369600
"BBGRL",100,60,"100_ep0.075_0_gilbert_1.in",6,16.7237,1503742177850196992
"BBGRL",100,6,"100_ep0.075_0_gilbert_1.in",7,7.34,1503742194586701824
"BBGRL",100,3,"100_ep0.075_0_gilbert_1.in",8,4.2757,1503742201948309504
"BBGRL",100,2,"100_ep0.075_0_gilbert_1.in",9,2.6508,1503742206245545216
"BBGRL",100,1,"100_ep0.075_0_gilbert_1.in",10,1.7257,1503742208908182528
"BBGRL",100,90,"100_ep0.05_0_gilbert_9.in",1,8.8134,1503742210645518592
"BBGRL",100,80,"100_ep0.05_0_gilbert_9.in",2,16.7138,1503742219471881216
"BBGRL",100,68,"100_ep0.05_0_gilbert_9.in",3,16.7106,1503742236197953280
"BBGRL",100,6,"100_ep0.05_0_gilbert_9.in",4,5.9819,1503742252921058560
"BBGRL",100,2,"100_ep0.05_0_gilbert_9.in",5,2.2602,1503742258924562944
"BBGRL",100,1,"100_ep0.05_0_gilbert_9.in",6,1.4147,1503742261205650688
"BBGRL",100,1,"100_ep0.05_0_gilbert_9.in",7,1.046,1503742262631773696
"BBGRL",100,1,"100_ep0.05_0_gilbert_9.in",8,1.0474,1503742263689444352
"BBGRL",100,1,"100_ep0.05_0_gilbert_9.in",9,1.057,1503742264748204544
"BBGRL",100,1,"100_ep0.05_0_gilbert_9.in",10,1.3013,1503742265816436992
"BBGRL",100,96,"100_ep0.1_0_gilbert_7.in",1,3.7427,1503742267129259008
"BBGRL",100,91,"100_ep0.1_0_gilbert_7.in",2,16.7296,1503742270893939712
"BBGRL",100,87,"100_ep0.1_0_gilbert_7.in",3,16.7136,1503742287637856256
"BBGRL",100,81,"100_ep0.1_0_gilbert_7.in",4,16.746,1503742304363371776
"BBGRL",100,75,"100_ep0.1_0_gilbert_7.in",5,16.7707,1503742321124495360
"BBGRL",100,3,"100_ep0.1_0_gilbert_7.in",6,12.3798,1503742337911275520
"BBGRL",100,1,"100_ep0.1_0_gilbert_7.in",7,1.7433,1503742350313172480
"BBGRL",100,1,"100_ep0.1_0_gilbert_7.in",8,1.4676,1503742352068211200
"BBGRL",100,1,"100_ep0.1_0_gilbert_7.in",9,1.881,1503742353557231104
"BBGRL",100,1,"100_ep0.1_0_gilbert_7.in",10,1.4184,1503742355450077440
"BBGRL",100,95,"100_ep0.075_0_gilbert_7.in",1,5.3996,1503742356880415744
"BBGRL",100,88,"100_ep0.075_0_gilbert_7.in",2,16.7172,1503742362298073088
"BBGRL",100,2,"100_ep0.075_0_gilbert_7.in",3,2.6654,1503742379030105344
"BBGRL",100,1,"100_ep0.075_0_gilbert_7.in",4,1.2797,1503742381708076032
"BBGRL",100,1,"100_ep0.075_0_gilbert_7.in",5,1.0876,1503742383000888832
"BBGRL",100,1,"100_ep0.075_0_gilbert_7.in",6,0.9952,1503742384099810816
"BBGRL",100,1,"100_ep0.075_0_gilbert_7.in",7,0.9935,1503742385106684672
"BBGRL",100,1,"100_ep0.075_0_gilbert_7.in",8,1.0371,1.503742386112e+18
"BBGRL",100,1,"100_ep0.075_0_gilbert_7.in",9,1.0016,1503742387160606720
"BBGRL",100,1,"100_ep0.075_0_gilbert_7.in",10,1.2436,1503742388174052864
"BBGRL",100,96,"100_ep0.1_0_gilbert_5.in",1,3.5972,1503742389429490688
"BBGRL",100,92,"100_ep0.1_0_gilbert_5.in",2,10.4464,1503742393048707840
"BBGRL",100,87,"100_ep0.1_0_gilbert_5.in",3,16.7905,1503742403509740544
"BBGRL",100,82,"100_ep0.1_0_gilbert_5.in",4,16.714,1503742420322600704
"BBGRL",100,78,"100_ep0.1_0_gilbert_5.in",5,16.7248,1503742437051950592
"BBGRL",100,72,"100_ep0.1_0_gilbert_5.in",6,16.7427,1503742453791594752
"BBGRL",100,66,"100_ep0.1_0_gilbert_5.in",7,16.7376,1503742470548610304
"BBGRL",100,60,"100_ep0.1_0_gilbert_5.in",8,16.7315,1503742487304020480
"BBGRL",100,28,"100_ep0.1_0_gilbert_5.in",9,16.7298,1503742504051651840
"BBGRL",100,3,"100_ep0.1_0_gilbert_5.in",10,5.3126,1503742520794991872
"BBGRL",100,90,"100_ep0.05_0_gilbert_1.in",1,12.5135,1503742526129089024
"BBGRL",100,75,"100_ep0.05_0_gilbert_1.in",2,16.7593,1503742538658069248
"BBGRL",100,1,"100_ep0.05_0_gilbert_1.in",3,0.8008,1503742555429817856
"BBGRL",100,1,"100_ep0.05_0_gilbert_1.in",4,0.7958,1.503742556242e+18
"BBGRL",100,1,"100_ep0.05_0_gilbert_1.in",5,0.8209,1503742557049396736
"BBGRL",100,1,"100_ep0.05_0_gilbert_1.in",6,1.0456,1503742557881863168
"BBGRL",100,1,"100_ep0.05_0_gilbert_1.in",7,0.7955,1503742558938942464
"BBGRL",100,1,"100_ep0.05_0_gilbert_1.in",8,0.7921,1503742559745729280
"BBGRL",100,1,"100_ep0.05_0_gilbert_1.in",9,0.7824,1503742560549123072
"BBGRL",100,1,"100_ep0.05_0_gilbert_1.in",10,0.7914,1503742561342733568
"BBGRL",100,95,"100_ep0.075_0_gilbert_3.in",1,3.0595,1503742562145849856
"BBGRL",100,89,"100_ep0.075_0_gilbert_3.in",2,11.36,1503742565217295616
"BBGRL",100,83,"100_ep0.075_0_gilbert_3.in",3,16.7425,1503742576592414208
"BBGRL",100,76,"100_ep0.075_0_gilbert_3.in",4,16.6827,1.503742593357e+18
"BBGRL",100,66,"100_ep0.075_0_gilbert_3.in",5,16.7109,1503742610056135936
"BBGRL",100,54,"100_ep0.075_0_gilbert_3.in",6,16.9039,1503742626779817216
"BBGRL",100,4,"100_ep0.075_0_gilbert_3.in",7,4.0411,1503742643698437376
"BBGRL",100,3,"100_ep0.075_0_gilbert_3.in",8,3.9147,1503742647751889408
"BBGRL",100,2,"100_ep0.075_0_gilbert_3.in",9,2.5444,1503742651678285056
"BBGRL",100,1,"100_ep0.075_0_gilbert_3.in",10,1.3839,1503742654234299136
"BBGRL",100,93,"100_ep0.05_0_gilbert_3.in",1,4.9271,1503742655629850880
"BBGRL",100,85,"100_ep0.05_0_gilbert_3.in",2,16.7132,1503742660569072896
"BBGRL",100,74,"100_ep0.05_0_gilbert_3.in",3,16.742,1503742677294828800
"BBGRL",100,58,"100_ep0.05_0_gilbert_3.in",4,16.7997,1503742694048891136
"BBGRL",100,3,"100_ep0.05_0_gilbert_3.in",5,3.2114,1503742710863344384
"BBGRL",100,2,"100_ep0.05_0_gilbert_3.in",6,1.6235,1503742714086468608
"BBGRL",100,1,"100_ep0.05_0_gilbert_3.in",7,1.3184,1503742715721854208
"BBGRL",100,1,"100_ep0.05_0_gilbert_3.in",8,1.1724,1503742717052700928
"BBGRL",100,1,"100_ep0.05_0_gilbert_3.in",9,1.0476,1503742718236465408
"BBGRL",100,1,"100_ep0.05_0_gilbert_3.in",10,1.0616,1503742719295390976
"BBGRL",100,95,"100_ep0.075_0_gilbert_2.in",1,6.9895,1503742720368449792
"BBGRL",100,88,"100_ep0.075_0_gilbert_2.in",2,16.7301,1503742727380508160
"BBGRL",100,80,"100_ep0.075_0_gilbert_2.in",3,16.7475,1503742744126049280
"BBGRL",100,2,"100_ep0.075_0_gilbert_2.in",4,3.4246,1503742760888187392
"BBGRL",100,1,"100_ep0.075_0_gilbert_2.in",5,1.1241,1503742764324704000
"BBGRL",100,1,"100_ep0.075_0_gilbert_2.in",6,1.1136,1503742765460436992
"BBGRL",100,1,"100_ep0.075_0_gilbert_2.in",7,1.2055,1503742766585753344
"BBGRL",100,1,"100_ep0.075_0_gilbert_2.in",8,1.1051,1503742767802763776
"BBGRL",100,1,"100_ep0.075_0_gilbert_2.in",9,1.1114,1503742768919347712
"BBGRL",100,1,"100_ep0.075_0_gilbert_2.in",10,1.1009,1503742770042371328
"BBGRL",50,47,"50_ep0.2_0_gilbert_2.in",1,1.2259,1503742771153147136
"BBGRL",50,43,"50_ep0.2_0_gilbert_2.in",2,1.8846,1503742772388744192
"BBGRL",50,40,"50_ep0.2_0_gilbert_2.in",3,2.6277,1503742774291021312
"BBGRL",50,36,"50_ep0.2_0_gilbert_2.in",4,3.7051,1503742776936655872
"BBGRL",50,32,"50_ep0.2_0_gilbert_2.in",5,3.7475,1503742780660022528
"BBGRL",50,28,"50_ep0.2_0_gilbert_2.in",6,5.1113,1503742784417613312
"BBGRL",50,25,"50_ep0.2_0_gilbert_2.in",7,5.087,1503742789544393216
"BBGRL",50,20,"50_ep0.2_0_gilbert_2.in",8,5.6233,1503742794641530368
"BBGRL",50,15,"50_ep0.2_0_gilbert_2.in",9,5.3185,1503742800275081216
"BBGRL",50,10,"50_ep0.2_0_gilbert_2.in",10,5.3106,1503742805603840000
"BBGRL",50,47,"50_ep0.2_0_gilbert_4.in",1,1.5128,1503742810932683264
"BBGRL",50,44,"50_ep0.2_0_gilbert_4.in",2,1.8806,1503742812462520576
"BBGRL",50,40,"50_ep0.2_0_gilbert_4.in",3,3.3356,1503742814353152256
"BBGRL",50,36,"50_ep0.2_0_gilbert_4.in",4,5.4849,1503742817699012864
"BBGRL",50,32,"50_ep0.2_0_gilbert_4.in",5,7.8141,1503742823196637440
"BBGRL",50,28,"50_ep0.2_0_gilbert_4.in",6,7.5622,1503742831021309184
"BBGRL",50,22,"50_ep0.2_0_gilbert_4.in",7,7.9939,1503742838597607680
"BBGRL",50,16,"50_ep0.2_0_gilbert_4.in",8,7.5051,1503742846609713408
"BBGRL",50,6,"50_ep0.2_0_gilbert_4.in",9,4.0692,1503742854130946304
"BBGRL",50,3,"50_ep0.2_0_gilbert_4.in",10,2.698,1503742858218047488
"BBGRL",50,43,"50_ep0.1_0_gilbert_10.in",1,2.7021,1503742860926150656
"BBGRL",50,35,"50_ep0.1_0_gilbert_10.in",2,6.9949,1503742863645746688
"BBGRL",50,2,"50_ep0.1_0_gilbert_10.in",3,1.5032,1503742870655055104
"BBGRL",50,1,"50_ep0.1_0_gilbert_10.in",4,0.5304,1503742872168120832
"BBGRL",50,1,"50_ep0.1_0_gilbert_10.in",5,0.5816,1503742872708068864
"BBGRL",50,1,"50_ep0.1_0_gilbert_10.in",6,0.8069,1503742873300337408
"BBGRL",50,1,"50_ep0.1_0_gilbert_10.in",7,0.5313,1503742874116855552
"BBGRL",50,1,"50_ep0.1_0_gilbert_10.in",8,0.5276,1503742874657633536
"BBGRL",50,1,"50_ep0.1_0_gilbert_10.in",9,0.5263,1503742875194555648
"BBGRL",50,1,"50_ep0.1_0_gilbert_10.in",10,0.5264,1503742875730181888
"BBGRL",50,45,"50_ep0.1_0_gilbert_7.in",1,1.846,1503742876266188544
"BBGRL",50,39,"50_ep0.1_0_gilbert_7.in",2,8.3531,1503742878127255552
"BBGRL",50,21,"50_ep0.1_0_gilbert_7.in",3,8.3712,1503742886490008576
"BBGRL",50,3,"50_ep0.1_0_gilbert_7.in",4,1.8592,1503742894880486656
"BBGRL",50,2,"50_ep0.1_0_gilbert_7.in",5,1.4836,1503742896749545216
"BBGRL",50,1,"50_ep0.1_0_gilbert_7.in",6,0.828,1503742898242626304
"BBGRL",50,1,"50_ep0.1_0_gilbert_7.in",7,0.5914,1503742899080341504
"BBGRL",50,1,"50_ep0.1_0_gilbert_7.in",8,0.5909,1503742899681271552
"BBGRL",50,1,"50_ep0.1_0_gilbert_7.in",9,0.579,1503742900281898496
"BBGRL",50,1,"50_ep0.1_0_gilbert_7.in",10,0.5783,1503742900870363392
"BBGRL",50,46,"50_ep0.2_0_gilbert_3.in",1,1.737,1503742901458214656
"BBGRL",50,41,"50_ep0.2_0_gilbert_3.in",2,6.0796,1.503742903206e+18
"BBGRL",50,36,"50_ep0.2_0_gilbert_3.in",3,8.3759,1503742909303638528
"BBGRL",50,17,"50_ep0.2_0_gilbert_3.in",4,8.3706,1503742917691569664
"BBGRL",50,1,"50_ep0.2_0_gilbert_3.in",5,0.7417,1503742926074524928
"BBGRL",50,1,"50_ep0.2_0_gilbert_3.in",6,0.9054,1503742926826283520
"BBGRL",50,1,"50_ep0.2_0_gilbert_3.in",7,0.9021,1503742927741774848
"BBGRL",50,1,"50_ep0.2_0_gilbert_3.in",8,0.6492,1503742928653780736
"BBGRL",50,1,"50_ep0.2_0_gilbert_3.in",9,0.8801,1503742929312797952
"BBGRL",50,1,"50_ep0.2_0_gilbert_3.in",10,0.6277,1503742930202363392
"BBGRL",50,45,"50_ep0.15_0_gilbert_7.in",1,1.211,1503742930839551744
"BBGRL",50,41,"50_ep0.15_0_gilbert_7.in",2,2.5522,1503742932067675392
"BBGRL",50,37,"50_ep0.15_0_gilbert_7.in",3,3.5795,1503742934637934592
"BBGRL",50,32,"50_ep0.15_0_gilbert_7.in",4,4.8222,1503742938227315712
"BBGRL",50,27,"50_ep0.15_0_gilbert_7.in",5,4.8408,1503742943066138880
"BBGRL",50,22,"50_ep0.15_0_gilbert_7.in",6,8.3192,1503742947917440000
"BBGRL",50,15,"50_ep0.15_0_gilbert_7.in",7,6.8214,1503742956255005440
"BBGRL",50,7,"50_ep0.15_0_gilbert_7.in",8,3.4956,1503742963094389760
"BBGRL",50,4,"50_ep0.15_0_gilbert_7.in",9,2.5792,1503742966604784896
"BBGRL",50,3,"50_ep0.15_0_gilbert_7.in",10,2.0325,1503742969201687296
"BBGRL",50,46,"50_ep0.15_0_gilbert_6.in",1,1.8781,1503742971244012800
"BBGRL",50,40,"50_ep0.15_0_gilbert_6.in",2,6.1211,1503742973131916800
"BBGRL",50,31,"50_ep0.15_0_gilbert_6.in",3,8.3581,1503742979266670848
"BBGRL",50,3,"50_ep0.15_0_gilbert_6.in",4,1.9526,1503742987635074560
"BBGRL",50,2,"50_ep0.15_0_gilbert_6.in",5,1.7993,1503742989605224192
"BBGRL",50,1,"50_ep0.15_0_gilbert_6.in",6,0.6422,1503742991414319872
"BBGRL",50,1,"50_ep0.15_0_gilbert_6.in",7,0.6823,1503742992066324480
"BBGRL",50,1,"50_ep0.15_0_gilbert_6.in",8,0.7032,1503742992758877440
"BBGRL",50,1,"50_ep0.15_0_gilbert_6.in",9,0.6891,1503742993472361728
"BBGRL",50,1,"50_ep0.15_0_gilbert_6.in",10,0.6351,1503742994170781184
"BBGRL",50,42,"50_ep0.1_0_gilbert_1.in",1,3.8115,1503742994815378688
"BBGRL",50,7,"50_ep0.1_0_gilbert_1.in",2,2.079,1503742998643900160
"BBGRL",50,3,"50_ep0.1_0_gilbert_1.in",3,1.4611,1503743000732868352
"BBGRL",50,2,"50_ep0.1_0_gilbert_1.in",4,0.9745,1503743002203887616
"BBGRL",50,1,"50_ep0.1_0_gilbert_1.in",5,0.523,1503743003187952640
"BBGRL",50,1,"50_ep0.1_0_gilbert_1.in",6,0.5492,1503743003720502272
"BBGRL",50,1,"50_ep0.1_0_gilbert_1.in",7,0.5414,1503743004279319040
"BBGRL",50,1,"50_ep0.1_0_gilbert_1.in",8,0.52,1503743004830142720
"BBGRL",50,1,"50_ep0.1_0_gilbert_1.in",9,0.5222,1503743005359342336
"BBGRL",50,1,"50_ep0.1_0_gilbert_1.in",10,0.5228,1503743005890765824
"BBGRL",50,41,"50_ep0.1_0_gilbert_3.in",1,7.5544,1503743006422755584
"BBGRL",50,4,"50_ep0.1_0_gilbert_3.in",2,1.7768,1503743013991470848
"BBGRL",50,1,"50_ep0.1_0_gilbert_3.in",3,0.6972,1.503743015778e+18
"BBGRL",50,1,"50_ep0.1_0_gilbert_3.in",4,0.7961,1503743016491871232
"BBGRL",50,1,"50_ep0.1_0_gilbert_3.in",5,0.7404,1503743017302538752
"BBGRL",50,1,"50_ep0.1_0_gilbert_3.in",6,0.4316,1503743018052473856
"BBGRL",50,1,"50_ep0.1_0_gilbert_3.in",7,0.4294,1503743018493359360
"BBGRL",50,1,"50_ep0.1_0_gilbert_3.in",8,0.4367,1503743018932333824
"BBGRL",50,1,"50_ep0.1_0_gilbert_3.in",9,0.4292,1503743019378624512
"BBGRL",50,1,"50_ep0.1_0_gilbert_3.in",10,0.4413,1503743019817533440
"BBGRL",50,40,"50_ep0.1_0_gilbert_6.in",1,8.3573,1503743020268094464
"BBGRL",50,1,"50_ep0.1_0_gilbert_6.in",2,0.5099,1503743028635669760
"BBGRL",50,1,"50_ep0.1_0_gilbert_6.in",3,0.8195,1503743029162214656
"BBGRL",50,1,"50_ep0.1_0_gilbert_6.in",4,0.7654,1503743029998373888
"BBGRL",50,1,"50_ep0.1_0_gilbert_6.in",5,0.7572,1503743030778215680
"BBGRL",50,1,"50_ep0.1_0_gilbert_6.in",6,0.5965,1503743031548849152
"BBGRL",50,1,"50_ep0.1_0_gilbert_6.in",7,0.5024,1503743032156371968
"BBGRL",50,1,"50_ep0.1_0_gilbert_6.in",8,0.4872,1503743032669355776
"BBGRL",50,1,"50_ep0.1_0_gilbert_6.in",9,0.4766,1503743033167102464
"BBGRL",50,1,"50_ep0.1_0_gilbert_6.in",10,0.5937,1503743033653832704
"BBGRL",50,47,"50_ep0.2_0_gilbert_6.in",1,1.5219,1503743034264317952
"BBGRL",50,43,"50_ep0.2_0_gilbert_6.in",2,1.9042,1503743035796113920
"BBGRL",50,39,"50_ep0.2_0_gilbert_6.in",3,3.9172,1503743037710428928
"BBGRL",50,35,"50_ep0.2_0_gilbert_6.in",4,4.8181,1503743041637802752
"BBGRL",50,30,"50_ep0.2_0_gilbert_6.in",5,4.5198,1503743046466173184
"BBGRL",50,25,"50_ep0.2_0_gilbert_6.in",6,6.631,1503743050996037632
"BBGRL",50,16,"50_ep0.2_0_gilbert_6.in",7,6.1504,1503743057646212352
"BBGRL",50,7,"50_ep0.2_0_gilbert_6.in",8,4.0604,1503743063806915072
"BBGRL",50,3,"50_ep0.2_0_gilbert_6.in",9,2.7789,1503743067885682944
"BBGRL",50,2,"50_ep0.2_0_gilbert_6.in",10,1.9039,1503743070674604800
"BBGRL",50,47,"50_ep0.2_0_gilbert_1.in",1,1.2347,1503743072588341248
"BBGRL",50,43,"50_ep0.2_0_gilbert_1.in",2,2.336,1503743073832687360
"BBGRL",50,39,"50_ep0.2_0_gilbert_1.in",3,5.3834,1503743076178717184
"BBGRL",50,34,"50_ep0.2_0_gilbert_1.in",4,5.7842,1503743081578193664
"BBGRL",50,26,"50_ep0.2_0_gilbert_1.in",5,8.3609,1503743087372913920
"BBGRL",50,6,"50_ep0.2_0_gilbert_1.in",6,5.8916,1503743095744322560
"BBGRL",50,2,"50_ep0.2_0_gilbert_1.in",7,2.3995,1503743101654391296
"BBGRL",50,1,"50_ep0.2_0_gilbert_1.in",8,1.2554,1503743104071345408
"BBGRL",50,1,"50_ep0.2_0_gilbert_1.in",9,0.8168,1503743105336702976
"BBGRL",50,1,"50_ep0.2_0_gilbert_1.in",10,0.8239,1503743106163118080
"BBGRL",50,47,"50_ep0.2_0_gilbert_9.in",1,1.1545,1503743106996907008
"BBGRL",50,43,"50_ep0.2_0_gilbert_9.in",2,1.687,1503743108161032448
"BBGRL",50,40,"50_ep0.2_0_gilbert_9.in",3,3.1813,1503743109858110976
"BBGRL",50,36,"50_ep0.2_0_gilbert_9.in",4,3.6383,1503743113057150208
"BBGRL",50,32,"50_ep0.2_0_gilbert_9.in",5,6.5738,1503743116713634560
"BBGRL",50,26,"50_ep0.2_0_gilbert_9.in",6,4.9,1503743123305833728
"BBGRL",50,19,"50_ep0.2_0_gilbert_9.in",7,7.0339,1503743128215991296
"BBGRL",50,10,"50_ep0.2_0_gilbert_9.in",8,3.6882,1503743135266666496
"BBGRL",50,4,"50_ep0.2_0_gilbert_9.in",9,3.8557,1503743138965320192
"BBGRL",50,2,"50_ep0.2_0_gilbert_9.in",10,2.5868,1503743142839178496
"BBGRL",50,45,"50_ep0.15_0_gilbert_1.in",1,1.6069,1503743145443704832
"BBGRL",50,40,"50_ep0.15_0_gilbert_1.in",2,4.947,1503743147067926016
"BBGRL",50,34,"50_ep0.15_0_gilbert_1.in",3,6.9985,1503743152030640128
"BBGRL",50,25,"50_ep0.15_0_gilbert_1.in",4,8.3876,1503743159041265152
"BBGRL",50,4,"50_ep0.15_0_gilbert_1.in",5,2.7475,1503743167444427776
"BBGRL",50,2,"50_ep0.15_0_gilbert_1.in",6,1.4974,1503743170201851904
"BBGRL",50,1,"50_ep0.15_0_gilbert_1.in",7,0.6983,1503743171708790784
"BBGRL",50,1,"50_ep0.15_0_gilbert_1.in",8,0.6891,1503743172416640256
"BBGRL",50,1,"50_ep0.15_0_gilbert_1.in",9,0.6948,1503743173115498496
"BBGRL",50,1,"50_ep0.15_0_gilbert_1.in",10,0.7319,1503743173819926272
"BBGRL",50,46,"50_ep0.15_0_gilbert_8.in",1,1.4262,1503743174561476608
"BBGRL",50,41,"50_ep0.15_0_gilbert_8.in",2,4.1407,1503743176005097728
"BBGRL",50,35,"50_ep0.15_0_gilbert_8.in",3,6.636,1503743180164168704
"BBGRL",50,29,"50_ep0.15_0_gilbert_8.in",4,7.3365,1503743186813768448
"BBGRL",50,9,"50_ep0.15_0_gilbert_8.in",5,6.326,1503743194164077312
"BBGRL",50,2,"50_ep0.15_0_gilbert_8.in",6,1.6516,1503743200500637184
"BBGRL",50,1,"50_ep0.15_0_gilbert_8.in",7,0.7432,1503743202161735680
"BBGRL",50,1,"50_ep0.15_0_gilbert_8.in",8,0.7438,1503743202914478592
"BBGRL",50,1,"50_ep0.15_0_gilbert_8.in",9,0.7361,1503743203667899136
"BBGRL",50,1,"50_ep0.15_0_gilbert_8.in",10,0.7577,1503743204413505792
"BBGRL",50,47,"50_ep0.2_0_gilbert_8.in",1,1.3796,1503743205181051904
"BBGRL",50,43,"50_ep0.2_0_gilbert_8.in",2,6.3907,1503743206578084352
"BBGRL",50,37,"50_ep0.2_0_gilbert_8.in",3,4.4895,1503743212978696704
"BBGRL",50,30,"50_ep0.2_0_gilbert_8.in",4,8.3669,1503743217478298624
"BBGRL",50,2,"50_ep0.2_0_gilbert_8.in",5,2.2456,1503743225860454144
"BBGRL",50,1,"50_ep0.2_0_gilbert_8.in",6,1.0819,1503743228116263680
"BBGRL",50,1,"50_ep0.2_0_gilbert_8.in",7,1.0635,1503743229212186368
"BBGRL",50,1,"50_ep0.2_0_gilbert_8.in",8,0.7233,1503743230285417472
"BBGRL",50,1,"50_ep0.2_0_gilbert_8.in",9,0.7209,1503743231018441216
"BBGRL",50,1,"50_ep0.2_0_gilbert_8.in",10,0.712,1503743231749046016
"BBGRL",50,47,"50_ep0.2_0_gilbert_7.in",1,1.2884,1503743232470674944
"BBGRL",50,42,"50_ep0.2_0_gilbert_7.in",2,2.3498,1503743233768871936
"BBGRL",50,37,"50_ep0.2_0_gilbert_7.in",3,7.0438,1503743236128926976
"BBGRL",50,30,"50_ep0.2_0_gilbert_7.in",4,8.3774,1503743243191061248
"BBGRL",50,5,"50_ep0.2_0_gilbert_7.in",5,6.4838,1503743251578402304
"BBGRL",50,1,"50_ep0.2_0_gilbert_7.in",6,1.137,1503743258080504832
"BBGRL",50,1,"50_ep0.2_0_gilbert_7.in",7,0.7065,1503743259226947840
"BBGRL",50,1,"50_ep0.2_0_gilbert_7.in",8,0.9594,1503743259943382784
"BBGRL",50,1,"50_ep0.2_0_gilbert_7.in",9,0.9495,1503743260912505600
"BBGRL",50,1,"50_ep0.2_0_gilbert_7.in",10,0.6907,1503743261871383808
"BBGRL",50,45,"50_ep0.15_0_gilbert_9.in",1,1.3247,1503743262571905024
"BBGRL",50,41,"50_ep0.15_0_gilbert_9.in",2,3.6442,1503743263906195200
"BBGRL",50,35,"50_ep0.15_0_gilbert_9.in",3,4.4376,1503743267568343808
"BBGRL",50,29,"50_ep0.15_0_gilbert_9.in",4,8.3689,1503743272024192768
"BBGRL",50,16,"50_ep0.15_0_gilbert_9.in",5,8.3709,1503743280411612416
"BBGRL",50,2,"50_ep0.15_0_gilbert_9.in",6,2.038,1503743288795658496
"BBGRL",50,1,"50_ep0.15_0_gilbert_9.in",7,0.7082,1503743290843132928
"BBGRL",50,1,"50_ep0.15_0_gilbert_9.in",8,0.7305,1503743291561112832
"BBGRL",50,1,"50_ep0.15_0_gilbert_9.in",9,0.7454,1503743292301228800
"BBGRL",50,1,"50_ep0.15_0_gilbert_9.in",10,0.7026,1503743293056060160
"BBGRL",50,47,"50_ep0.2_0_gilbert_10.in",1,1.3326,1503743293768162304
"BBGRL",50,43,"50_ep0.2_0_gilbert_10.in",2,2.1263,1503743295118119168
"BBGRL",50,40,"50_ep0.2_0_gilbert_10.in",3,5.2993,1503743297254270464
"BBGRL",50,36,"50_ep0.2_0_gilbert_10.in",4,7.2737,1503743302572030464
"BBGRL",50,31,"50_ep0.2_0_gilbert_10.in",5,7.6109,1503743309863837440
"BBGRL",50,26,"50_ep0.2_0_gilbert_10.in",6,8.3453,1503743317489074944
"BBGRL",50,16,"50_ep0.2_0_gilbert_10.in",7,8.3333,1503743325852956672
"BBGRL",50,3,"50_ep0.2_0_gilbert_10.in",8,2.8098,1503743334196734208
"BBGRL",50,2,"50_ep0.2_0_gilbert_10.in",9,2.2537,1503743337024451328
"BBGRL",50,1,"50_ep0.2_0_gilbert_10.in",10,1.2218,1503743339287837440
"BBGRL",50,46,"50_ep0.15_0_gilbert_2.in",1,1.823,1503743340526702848
"BBGRL",50,40,"50_ep0.15_0_gilbert_2.in",2,8.3705,1503743342360274432
"BBGRL",50,29,"50_ep0.15_0_gilbert_2.in",3,8.372,1503743350749380864
"BBGRL",50,1,"50_ep0.15_0_gilbert_2.in",4,0.9819,1503743359139163136
"BBGRL",50,1,"50_ep0.15_0_gilbert_2.in",5,0.9778,1503743360133804800
"BBGRL",50,1,"50_ep0.15_0_gilbert_2.in",6,0.9416,1503743361126488832
"BBGRL",50,1,"50_ep0.15_0_gilbert_2.in",7,0.5594,1503743362077547264
"BBGRL",50,1,"50_ep0.15_0_gilbert_2.in",8,0.5588,1503743362646448128
"BBGRL",50,1,"50_ep0.15_0_gilbert_2.in",9,0.5656,1503743363214617088
"BBGRL",50,1,"50_ep0.15_0_gilbert_2.in",10,0.5573,1503743363789749504
"BBGRL",50,42,"50_ep0.1_0_gilbert_2.in",1,2.2886,1503743364356477952
"BBGRL",50,31,"50_ep0.1_0_gilbert_2.in",2,5.7857,1503743366655267328
"BBGRL",50,8,"50_ep0.1_0_gilbert_2.in",3,2.2506,1503743372451048704
"BBGRL",50,4,"50_ep0.1_0_gilbert_2.in",4,1.8286,1503743374719017216
"BBGRL",50,3,"50_ep0.1_0_gilbert_2.in",5,1.3382,1503743376557924864
"BBGRL",50,2,"50_ep0.1_0_gilbert_2.in",6,0.9791,1503743377905444096
"BBGRL",50,1,"50_ep0.1_0_gilbert_2.in",7,0.6309,1503743378893735936
"BBGRL",50,1,"50_ep0.1_0_gilbert_2.in",8,0.63,1503743379533812480
"BBGRL",50,1,"50_ep0.1_0_gilbert_2.in",9,0.6399,1503743380173044480
"BBGRL",50,1,"50_ep0.1_0_gilbert_2.in",10,0.6324,1503743380822221824
"BBGRL",50,43,"50_ep0.1_0_gilbert_9.in",1,3.1907,1503743381463918592
"BBGRL",50,33,"50_ep0.1_0_gilbert_9.in",2,8.3518,1503743384672668416
"BBGRL",50,2,"50_ep0.1_0_gilbert_9.in",3,1.3899,1503743393034843904
"BBGRL",50,1,"50_ep0.1_0_gilbert_9.in",4,0.7956,1503743394434766336
"BBGRL",50,1,"50_ep0.1_0_gilbert_9.in",5,0.6078,1503743395239824128
"BBGRL",50,1,"50_ep0.1_0_gilbert_9.in",6,0.5926,1503743395858479616
"BBGRL",50,1,"50_ep0.1_0_gilbert_9.in",7,0.5427,1503743396460479232
"BBGRL",50,1,"50_ep0.1_0_gilbert_9.in",8,0.5422,1503743397012872704
"BBGRL",50,1,"50_ep0.1_0_gilbert_9.in",9,0.5411,1503743397564335616
"BBGRL",50,1,"50_ep0.1_0_gilbert_9.in",10,0.587,1503743398114846208
"BBGRL",50,44,"50_ep0.1_0_gilbert_4.in",1,2.1567,1503743398712715264
"BBGRL",50,36,"50_ep0.1_0_gilbert_4.in",2,6.0896,1503743400883571456
"BBGRL",50,21,"50_ep0.1_0_gilbert_4.in",3,8.3565,1503743406983150080
"BBGRL",50,5,"50_ep0.1_0_gilbert_4.in",4,2.66,1503743415349591296
"BBGRL",50,3,"50_ep0.1_0_gilbert_4.in",5,1.723,1503743418026146304
"BBGRL",50,2,"50_ep0.1_0_gilbert_4.in",6,0.9722,1503743419758533120
"BBGRL",50,1,"50_ep0.1_0_gilbert_4.in",7,0.6663,1503743420740447232
"BBGRL",50,1,"50_ep0.1_0_gilbert_4.in",8,0.621,1503743421416500992
"BBGRL",50,1,"50_ep0.1_0_gilbert_4.in",9,0.618,1503743422046872832
"BBGRL",50,1,"50_ep0.1_0_gilbert_4.in",10,0.6867,1503743422674293504
"BBGRL",50,46,"50_ep0.15_0_gilbert_4.in",1,2.3721,1503743423371779328
"BBGRL",50,40,"50_ep0.15_0_gilbert_4.in",2,7.4856,1503743425761459712
"BBGRL",50,32,"50_ep0.15_0_gilbert_4.in",3,8.3865,1503743433262348032
"BBGRL",50,2,"50_ep0.15_0_gilbert_4.in",4,1.9424,1503743441668125952
"BBGRL",50,1,"50_ep0.15_0_gilbert_4.in",5,0.5491,1503743443620408576
"BBGRL",50,1,"50_ep0.15_0_gilbert_4.in",6,0.5841,1503743444179073024
"BBGRL",50,1,"50_ep0.15_0_gilbert_4.in",7,0.6463,1503743444773508608
"BBGRL",50,1,"50_ep0.15_0_gilbert_4.in",8,0.8017,1503743445430555648
"BBGRL",50,1,"50_ep0.15_0_gilbert_4.in",9,0.8621,1503743446241750528
"BBGRL",50,1,"50_ep0.15_0_gilbert_4.in",10,0.9846,1503743447118959360
"BBGRL",50,45,"50_ep0.15_0_gilbert_5.in",1,2.4478,1503743448117317888
"BBGRL",50,37,"50_ep0.15_0_gilbert_5.in",2,6.865,1503743450582528000
"BBGRL",50,7,"50_ep0.15_0_gilbert_5.in",3,4.5534,1503743457457682176
"BBGRL",50,2,"50_ep0.15_0_gilbert_5.in",4,1.8575,1503743462026612992
"BBGRL",50,1,"50_ep0.15_0_gilbert_5.in",5,0.6517,1503743463893955328
"BBGRL",50,1,"50_ep0.15_0_gilbert_5.in",6,0.6609,1503743464555463424
"BBGRL",50,1,"50_ep0.15_0_gilbert_5.in",7,0.6375,1503743465226231040
"BBGRL",50,1,"50_ep0.15_0_gilbert_5.in",8,0.7041,1503743465873425408
"BBGRL",50,1,"50_ep0.15_0_gilbert_5.in",9,0.6215,1503743466587114752
"BBGRL",50,1,"50_ep0.15_0_gilbert_5.in",10,0.6688,1503743467218287616
"BBGRL",50,45,"50_ep0.15_0_gilbert_3.in",1,1.4722,1503743467897258752
"BBGRL",50,41,"50_ep0.15_0_gilbert_3.in",2,3.3882,1503743469386656512
"BBGRL",50,36,"50_ep0.15_0_gilbert_3.in",3,6.8821,1503743472785013504
"BBGRL",50,31,"50_ep0.15_0_gilbert_3.in",4,5.1097,1503743479677088768
"BBGRL",50,19,"50_ep0.15_0_gilbert_3.in",5,5.6513,1503743484796958464
"BBGRL",50,8,"50_ep0.15_0_gilbert_3.in",6,4.5946,1503743490463127552
"BBGRL",50,3,"50_ep0.15_0_gilbert_3.in",7,2.4194,1503743495075817216
"BBGRL",50,2,"50_ep0.15_0_gilbert_3.in",8,1.7777,1503743497512795648
"BBGRL",50,1,"50_ep0.15_0_gilbert_3.in",9,0.7905,1503743499300302848
"BBGRL",50,1,"50_ep0.15_0_gilbert_3.in",10,0.788,1503743500100453632
"BBGRL",50,46,"50_ep0.15_0_gilbert_10.in",1,1.5024,1503743500898105856
"BBGRL",50,42,"50_ep0.15_0_gilbert_10.in",2,2.6485,1503743502417919744
"BBGRL",50,37,"50_ep0.15_0_gilbert_10.in",3,4.0478,1503743505082953216
"BBGRL",50,34,"50_ep0.15_0_gilbert_10.in",4,6.5333,1503743509148818176
"BBGRL",50,29,"50_ep0.15_0_gilbert_10.in",5,8.1547,1503743515692386304
"BBGRL",50,23,"50_ep0.15_0_gilbert_10.in",6,7.4832,1503743523865228288
"BBGRL",50,12,"50_ep0.15_0_gilbert_10.in",7,3.8224,1503743531366474496
"BBGRL",50,3,"50_ep0.15_0_gilbert_10.in",8,2.6066,1503743535206928896
"BBGRL",50,2,"50_ep0.15_0_gilbert_10.in",9,1.8133,1503743537823610368
"BBGRL",50,1,"50_ep0.15_0_gilbert_10.in",10,1.1506,1503743539646598400
"BBGRL",50,42,"50_ep0.1_0_gilbert_8.in",1,2.7594,1503743540806806784
"BBGRL",50,11,"50_ep0.1_0_gilbert_8.in",2,6.0085,1503743543576111360
"BBGRL",50,2,"50_ep0.1_0_gilbert_8.in",3,1.4399,1503743549602421504
"BBGRL",50,1,"50_ep0.1_0_gilbert_8.in",4,0.4786,1503743551051761408
"BBGRL",50,1,"50_ep0.1_0_gilbert_8.in",5,0.4761,1503743551539559168
"BBGRL",50,1,"50_ep0.1_0_gilbert_8.in",6,0.4793,1503743552024866816
"BBGRL",50,1,"50_ep0.1_0_gilbert_8.in",7,0.4746,1503743552513379072
"BBGRL",50,1,"50_ep0.1_0_gilbert_8.in",8,0.4768,1503743552997189888
"BBGRL",50,1,"50_ep0.1_0_gilbert_8.in",9,0.4731,1503743553483431936
"BBGRL",50,1,"50_ep0.1_0_gilbert_8.in",10,0.4725,1503743553965751296
"BBGRL",50,44,"50_ep0.1_0_gilbert_5.in",1,1.9809,1503743554448023296
"BBGRL",50,37,"50_ep0.1_0_gilbert_5.in",2,6.5554,1503743556444619264
"BBGRL",50,21,"50_ep0.1_0_gilbert_5.in",3,8.3554,1503743563010010624
"BBGRL",50,2,"50_ep0.1_0_gilbert_5.in",4,1.5932,1503743571375979520
"BBGRL",50,1,"50_ep0.1_0_gilbert_5.in",5,0.5619,1503743572978523136
"BBGRL",50,1,"50_ep0.1_0_gilbert_5.in",6,0.5648,1503743573549683968
"BBGRL",50,1,"50_ep0.1_0_gilbert_5.in",7,0.6081,1503743574124082688
"BBGRL",50,1,"50_ep0.1_0_gilbert_5.in",8,0.623,1503743574742967040
"BBGRL",50,1,"50_ep0.1_0_gilbert_5.in",9,0.5723,1503743575375758848
"BBGRL",50,1,"50_ep0.1_0_gilbert_5.in",10,0.5635,1503743575957284608
"BBGRL",50,47,"50_ep0.2_0_gilbert_5.in",1,1.3101,1503743576530301952
"BBGRL",50,43,"50_ep0.2_0_gilbert_5.in",2,1.8308,1503743577849990144
"BBGRL",50,40,"50_ep0.2_0_gilbert_5.in",3,3.4953,1503743579692082944
"BBGRL",50,36,"50_ep0.2_0_gilbert_5.in",4,5.5072,1503743583202105344
"BBGRL",50,32,"50_ep0.2_0_gilbert_5.in",5,7.7551,1503743588727589632
"BBGRL",50,28,"50_ep0.2_0_gilbert_5.in",6,7.5341,1503743596497364992
"BBGRL",50,22,"50_ep0.2_0_gilbert_5.in",7,8.1314,1503743604044709632
"BBGRL",50,13,"50_ep0.2_0_gilbert_5.in",8,3.5928,1503743612191015936
"BBGRL",50,5,"50_ep0.2_0_gilbert_5.in",9,3.874,1503743615802006784
"BBGRL",50,3,"50_ep0.2_0_gilbert_5.in",10,2.6736,1.503743619694e+18
